year,month,tmean
1828,Jan,-1.3371058702468872
1828,Feb,0.5025536417961121
1828,Mar,0.8825964331626892
1828,Apr,1.9280136823654175
1828,May,0.7491811513900757
1828,Jun,0.9251384735107422
1828,Jul,0.31876376271247864
1828,Aug,-1.156613826751709
1828,Sep,-2.757168769836426
1828,Oct,-1.1279083490371704
1828,Nov,-0.8710500001907349
1828,Dec,-1.8808728456497192
1829,Jan,-0.12704811990261078
1829,Feb,0.884779691696167
1829,Mar,1.0607008934020996
1829,Apr,-0.3055727779865265
1829,May,1.1361676454544067
1829,Jun,0.2986676096916199
1829,Jul,0.11708474904298782
1829,Aug,-0.34315067529678345
1829,Oct,-0.5269304513931274
1829,Nov,-1.5402727127075195
1829,Dec,-2.0603201389312744
1832,Jan,0.6024182438850403
1832,Feb,-0.42369508743286133
1832,Mar,0.06646565347909927
1832,Apr,-0.7719684839248657
1832,May,-0.13111163675785065
1832,Oct,-1.2669073343276978
1832,Nov,-0.8740558624267578
1832,Dec,-1.3127175569534302
1833,Jan,1.0392838716506958
1833,Feb,0.6254154443740845
1833,Mar,0.5514202117919922
1833,Apr,-0.05814460664987564
1833,May,-0.39268994331359863
1833,Jun,0.00840788148343563
1833,Jul,-0.9578896164894104
1833,Aug,-0.3095441460609436
1833,Sep,-0.4893268346786499
1833,Oct,-0.7696589827537537
1833,Nov,0.9104635119438171
1833,Dec,-0.3309016227722168
1834,Jan,-1.582358479499817
1834,Feb,0.5849283933639526
1834,Mar,0.9954020977020264
1834,Apr,-0.09496623277664185
1834,May,-0.18205732107162476
1834,Jun,-0.39750880002975464
1834,Jul,-1.318241834640503
1834,Aug,-1.3906248807907104
1834,Sep,-1.0815043449401855
1834,Oct,-0.6197811365127563
1834,Nov,0.7904612421989441
1834,Dec,0.1968168318271637
1835,Jan,1.4894369840621948
1835,Feb,1.174740195274353
1835,Mar,0.195792093873024
1835,Apr,-0.1752682626247406
1835,May,-0.8820743560791016
1835,Jun,-1.1805636882781982
1835,Jul,-2.1359169483184814
1835,Sep,-1.8089500665664673
1835,Oct,-2.1429927349090576
1835,Nov,-1.3902877569198608
1835,Dec,-2.1620171070098877
1836,Jan,-0.4524080455303192
1836,Feb,1.1254633665084839
1836,Mar,1.167025089263916
1836,Apr,-0.6346345543861389
1836,May,-0.29574617743492126
1836,Jun,-0.4019363224506378
1836,Jul,-1.510888934135437
1836,Aug,-1.1096293926239014
1836,Sep,-1.2946348190307617
1836,Oct,-0.3606812655925751
1836,Nov,-1.4015123844146729
1836,Dec,-1.001880168914795
1837,Jan,1.5709999799728394
1837,Feb,1.6840146780014038
1837,Mar,0.19988448917865753
1837,Apr,-0.965884804725647
1837,May,-0.6103890538215637
1837,Jun,-0.9432949423789978
1837,Jul,-1.6259112358093262
1837,Aug,-0.9684974551200867
1837,Sep,-1.5073732137680054
1837,Oct,-1.8347527980804443
1837,Nov,-1.8299211263656616
1837,Dec,-0.6386312246322632
1838,Jan,-1.6294347047805786
1838,Feb,0.42542165517807007
1838,Mar,-0.8586800694465637
1838,Apr,-0.815836489200592
1838,May,-0.6459440588951111
1838,Jun,-0.3429693877696991
1838,Jul,-0.6323239207267761
1838,Aug,-0.7066600322723389
1838,Sep,-1.202454686164856
1838,Oct,-0.5258641242980957
1838,Nov,-0.397269606590271
1838,Dec,0.4011180102825165
1839,Jan,-0.3543702960014343
1839,Feb,2.9385557174682617
1839,Mar,-1.306607961654663
1839,Apr,0.3912671208381653
1839,May,-0.4704596698284149
1839,Jun,-0.20818378031253815
1839,Jul,0.004616893362253904
1839,Aug,0.687541127204895
1839,Sep,-0.5171532034873962
1839,Oct,-1.2394113540649414
1839,Nov,-0.5141607522964478
1839,Dec,-0.323660284280777
1840,Jan,2.763730049133301
1840,Feb,0.5296065211296082
1840,Mar,1.128434658050537
1840,Apr,-0.39147329330444336
1840,May,-0.12661172449588776
1840,Jun,-0.23243065178394318
1840,Jul,-0.45220452547073364
1840,Aug,-0.8335822224617004
1840,Sep,-1.0460715293884277
1840,Oct,-1.8276931047439575
1840,Nov,-2.3167965412139893
1840,Dec,-2.2541751861572266
1841,Jan,0.2906382977962494
1841,Feb,1.3230408430099487
1841,Mar,-0.7353593707084656
1841,Apr,-0.8359071016311646
1841,May,-0.8298242092132568
1841,Jun,-0.09105692058801651
1841,Jul,-0.24390912055969238
1841,Aug,-0.5990216135978699
1841,Sep,-1.6839544773101807
1841,Oct,-1.0684404373168945
1841,Nov,-0.7843194603919983
1841,Dec,-0.8835870027542114
1842,Jan,0.18613694608211517
1842,Feb,0.08248937875032425
1842,Mar,0.3435772955417633
1842,Apr,-0.3432449698448181
1842,May,-1.1088881492614746
1842,Jun,-0.8840838074684143
1842,Jul,-1.5548481941223145
1842,Aug,-1.478689432144165
1842,Sep,-1.5690220594406128
1842,Oct,-1.4339585304260254
1842,Nov,-0.7746430039405823
1842,Dec,1.2608882188796997
1843,Jan,-0.2574490010738373
1843,Feb,0.4931985139846802
1843,Mar,0.5477539896965027
1843,Apr,-0.39674606919288635
1843,May,-1.0241049528121948
1843,Jun,-0.8412199020385742
1843,Jul,-1.314129114151001
1843,Aug,-1.3211926221847534
1843,Sep,-1.5006500482559204
1843,Oct,-0.7040337324142456
1843,Nov,-1.121083378791809
1843,Dec,0.5785834193229675
1844,Jan,-0.11454383283853531
1844,Feb,1.1650140285491943
1844,Mar,-0.9763733744621277
1844,Apr,-0.5063301920890808
1844,May,-1.0420880317687988
1844,Jun,-0.09056176245212555
1844,Jul,-1.1936745643615723
1844,Aug,-1.4177758693695068
1844,Sep,-1.5911431312561035
1844,Oct,-1.1093595027923584
1844,Nov,-2.156186580657959
1844,Dec,-0.8042048215866089
1845,Jan,0.7039123773574829
1845,Feb,-0.6634832620620728
1845,Mar,0.011680711060762405
1845,Apr,0.10421872138977051
1845,May,-0.455390065908432
1845,Jun,-0.7866160273551941
1845,Jul,-0.8815321922302246
1845,Aug,-0.4773711860179901
1845,Sep,-1.4579402208328247
1845,Oct,-1.5190178155899048
1845,Nov,-1.2864731550216675
1845,Dec,-0.002475154120475054
1847,May,-0.223074808716774
1847,Jun,-0.33149251341819763
1847,Jul,-0.8024980425834656
1847,Aug,-0.7253825664520264
1847,Sep,-1.146508812904358
1847,Oct,-0.9179284572601318
1847,Nov,-0.5130137205123901
1847,Dec,-0.5432933568954468
1848,Jan,-1.2309658527374268
1848,Feb,1.2054710388183594
1848,Mar,-0.18952283263206482
1848,Apr,-0.3961924910545349
1848,May,-0.43782469630241394
1848,Jun,-0.035745128989219666
1848,Jul,-0.005453257355839014
1848,Aug,-1.1578737497329712
1848,Sep,-1.2831729650497437
1848,Oct,-0.8419297933578491
1848,Nov,0.11755634099245071
1848,Dec,-0.935483992099762
1849,Jan,-0.34363213181495667
1849,Feb,-0.3706189692020416
1849,Mar,-0.35289233922958374
1849,Jun,-0.4325692355632782
1849,Jul,-0.5912607312202454
1849,Aug,-0.9094022512435913
1849,Sep,-1.325847864151001
1849,Oct,-0.46970704197883606
1849,Nov,0.37759929895401
1849,Dec,-0.7127016186714172
1850,Jan,-2.0678021907806396
1850,Feb,1.7090857028961182
1850,Mar,-0.6252505779266357
1850,Apr,-1.2366284132003784
1850,May,-1.1331497430801392
1850,Jun,-0.5214892625808716
1850,Jul,-0.45037606358528137
1850,Aug,-0.18763874471187592
1850,Sep,-1.13668692111969
1850,Oct,-1.1843539476394653
1850,Nov,-0.42930132150650024
1850,Dec,0.2562216818332672
1851,Jan,0.431683748960495
1851,Feb,1.0227370262145996
1851,Mar,0.3484440743923187
1851,Apr,-0.04227284714579582
1851,May,0.6375600695610046
1851,Jun,0.29767897725105286
1851,Jul,-0.07989863306283951
1851,Aug,-0.14475955069065094
1851,Sep,-0.5579031109809875
1851,Oct,0.25903332233428955
1851,Nov,-0.03072386607527733
1851,Dec,-0.40583330392837524
1852,Jan,2.1864776611328125
1852,Feb,1.03001868724823
1852,Mar,-0.9069122672080994
1852,Apr,0.1508389264345169
1852,May,0.13508963584899902
1852,Jun,-0.3147701919078827
1852,Jul,0.011282538995146751
1852,Aug,-0.7358035445213318
1852,Sep,-0.5468947887420654
1852,Oct,-0.1800709366798401
1852,Nov,-1.376175045967102
1852,Dec,-0.624127209186554
1853,Jan,0.9627493023872375
1853,Feb,1.124406337738037
1853,Mar,-0.09349782764911652
1853,Apr,-0.044368088245391846
1853,May,0.19075386226177216
1853,Jun,-0.25565338134765625
1853,Jul,-0.6557813882827759
1853,Aug,-0.4641167223453522
1853,Sep,-0.8526360392570496
1853,Oct,-0.9836930632591248
1853,Dec,0.4176482856273651
1854,Jan,-0.4461018741130829
1854,Feb,0.4258584678173065
1854,Mar,0.026893218979239464
1854,Apr,0.2719871699810028
1854,May,-0.41266945004463196
1854,Jun,-0.26708415150642395
1854,Jul,-0.28982311487197876
1854,Aug,-0.25976529717445374
1854,Sep,-0.7707173824310303
1854,Oct,-0.0013364178594201803
1854,Nov,0.6065969467163086
1854,Dec,0.7853027582168579
1855,Jun,-0.26166898012161255
1855,Jul,-0.8200691342353821
1856,Jan,2.0680742263793945
1856,Feb,1.4385981559753418
1856,Mar,0.6119222044944763
1856,Apr,-0.10961747914552689
1856,May,0.09645117819309235
1856,Jun,0.75169438123703
1856,Jul,-0.8523329496383667
1856,Aug,-1.072066068649292
1856,Sep,-1.4529885053634644
1856,Oct,-1.46725594997406
1856,Nov,-0.26213377714157104
1856,Dec,-0.11811839044094086
1857,Jan,0.010136788710951805
1857,Feb,-0.19302552938461304
1857,Mar,0.25539669394493103
1857,Apr,-0.5842429995536804
1857,May,-0.6610797047615051
1857,Jun,-0.3571716547012329
1857,Jul,-0.7504698038101196
1857,Aug,-0.6664586663246155
1857,Sep,-1.0507087707519531
1857,Oct,-0.9708026647567749
1857,Nov,0.3610789179801941
1857,Dec,1.2106865644454956
1858,Jan,0.24861761927604675
1858,Feb,-0.2074621617794037
1858,Mar,0.7734044790267944
1858,Apr,0.4005385637283325
1858,May,0.04126245155930519
1858,Jun,0.05607031285762787
1858,Jul,-0.7146588563919067
1858,Aug,-1.0219213962554932
1858,Sep,-1.2303273677825928
1858,Oct,-0.5420868992805481
1858,Nov,0.4426249563694
1858,Dec,-1.086816430091858
1859,Jan,0.8291488885879517
1859,Feb,0.04360213875770569
1859,Mar,0.41450515389442444
1859,Apr,0.3633015751838684
1859,May,0.20151405036449432
1859,Jun,0.19962599873542786
1859,Jul,-0.7471179962158203
1859,Aug,-0.9219319224357605
1859,Sep,-1.1423461437225342
1859,Oct,-1.2644810676574707
1859,Nov,-1.2402254343032837
1859,Dec,1.478710412979126
1860,Jan,1.0597312450408936
1860,Feb,1.0860062837600708
1860,Mar,-0.3887632489204407
1860,Apr,-0.1771918684244156
1860,May,0.2553516924381256
1860,Jun,0.10913669317960739
1860,Jul,0.06948502361774445
1860,Aug,-0.4996055066585541
1860,Sep,-0.650296151638031
1860,Oct,-0.710024356842041
1860,Nov,0.005501249805092812
1860,Dec,-1.032513976097107
1861,Jan,-0.6867430806159973
1861,Feb,1.3019096851348877
1861,Mar,0.3008929491043091
1861,Apr,-0.035407617688179016
1861,May,0.07204636186361313
1861,Jun,0.5660313367843628
1861,Jul,-0.35678184032440186
1861,Aug,-0.10913760215044022
1861,Sep,-0.5870855450630188
1861,Oct,-0.9218898415565491
1861,Nov,-0.6079998016357422
1861,Dec,-1.6514170169830322
1862,Jan,-1.4889825582504272
1862,Feb,-0.20650576055049896
1862,Mar,-0.04839102923870087
1862,Apr,-1.3424898386001587
1862,May,-0.7492893934249878
1862,Jun,-0.35487452149391174
1862,Jul,-0.38326096534729004
1862,Aug,-0.9798682928085327
1862,Sep,-1.665281057357788
1862,Oct,-1.676277995109558
1862,Nov,0.07677657902240753
1862,Dec,-0.13939577341079712
1863,Jan,1.1634272336959839
1863,Feb,0.439037948846817
1863,Mar,0.43853089213371277
1863,Apr,-0.15502870082855225
1863,May,-0.3003501296043396
1863,Jun,0.0531526654958725
1863,Jul,-0.8643141984939575
1863,Aug,-0.6338624954223633
1863,Sep,-0.5546520948410034
1863,Oct,-0.801164984703064
1863,Nov,-0.3718985319137573
1863,Dec,-0.3946566879749298
1864,Jan,0.45661666989326477
1864,Feb,1.283857822418213
1864,Mar,0.2268887609243393
1864,Apr,-0.2710369825363159
1864,May,0.1596687138080597
1864,Jun,0.8412997722625732
1864,Jul,-0.6401716470718384
1864,Aug,-0.7785250544548035
1864,Sep,-0.7932499647140503
1864,Oct,-0.031780704855918884
1864,Nov,-0.0846341997385025
1864,Dec,-0.5700205564498901
1865,Jan,1.979446530342102
1865,Feb,0.9748136401176453
1865,Mar,-0.5101776719093323
1865,Apr,-0.44293445348739624
1865,May,-0.42566075921058655
1865,Jun,-0.08708804100751877
1865,Jul,-0.8350959420204163
1865,Aug,-0.9501070976257324
1865,Sep,-0.6495671272277832
1865,Oct,-0.4420514404773712
1865,Nov,0.33038049936294556
1865,Dec,0.044668011367321014
1866,Jan,0.883508026599884
1866,Feb,0.6931385397911072
1866,Mar,-0.0911712795495987
1866,Apr,0.21002738177776337
1866,May,0.04515101760625839
1866,Jun,-0.13552194833755493
1866,Jul,-0.21315233409404755
1866,Aug,-0.48187020421028137
1866,Sep,-1.321035385131836
1866,Oct,-1.1287498474121094
1866,Nov,0.4505176246166229
1866,Dec,1.1658754348754883
1867,Jan,0.1870959848165512
1867,Feb,-0.39566805958747864
1867,Mar,0.6736910343170166
1867,Apr,0.3970703184604645
1867,May,-0.08959353715181351
1867,Jun,0.24403849244117737
1867,Jul,-0.33979272842407227
1867,Aug,-1.1644322872161865
1867,Sep,-0.49610570073127747
1867,Oct,-0.11713626980781555
1867,Nov,1.3199049234390259
1867,Dec,0.06090470403432846
1868,Jan,0.7021909356117249
1868,Feb,1.245058298110962
1868,Mar,0.5949854850769043
1868,Apr,0.8639371395111084
1868,May,0.8266897797584534
1868,Jun,1.0371416807174683
1868,Jul,-0.07809746265411377
1868,Aug,-0.41897034645080566
1868,Sep,-0.6162470579147339
1868,Oct,0.6988203525543213
1868,Nov,0.23159632086753845
1868,Dec,0.9298811554908752
1869,Jan,1.4098296165466309
1869,Feb,1.8128304481506348
1869,Mar,0.1666140854358673
1869,Apr,0.9468717575073242
1869,May,0.5246829390525818
1869,Jun,-0.02752283215522766
1869,Jul,-0.08412938565015793
1869,Aug,-0.11522184312343597
1869,Sep,0.16830337047576904
1869,Oct,0.6720512509346008
1869,Nov,1.0704998970031738
1869,Dec,1.5068988800048828
1870,Jan,0.8322501182556152
1870,Feb,0.623066782951355
1870,Mar,0.5415552854537964
1870,Apr,0.29772353172302246
1870,May,0.1069512590765953
1870,Jun,0.0799092948436737
1870,Jul,-0.1379794180393219
1870,Aug,0.0441046841442585
1870,Sep,0.0064025381579995155
1870,Oct,0.09518399834632874
1870,Nov,0.07806149870157242
1870,Dec,0.8840926885604858
1871,Jan,-0.7222418785095215
1871,Feb,0.23765580356121063
1871,Mar,-0.47416746616363525
1871,Apr,0.2425120323896408
1871,May,-0.008671022951602936
1871,Jun,-0.8065169453620911
1871,Jul,-1.1663259267807007
1871,Aug,-0.7028672099113464
1871,Sep,-0.9202655553817749
1871,Oct,0.08681356906890869
1871,Nov,-1.4956574440002441
1871,Dec,0.06436499208211899
1872,Jan,1.4266289472579956
1872,Feb,0.5445576906204224
1872,Mar,1.1641432046890259
1872,Apr,-0.03546625375747681
1872,May,0.3205714523792267
1872,Jun,-0.4796152114868164
1872,Jul,-0.11324736475944519
1872,Aug,-0.03058604896068573
1872,Sep,-0.4917192757129669
1872,Oct,-0.617730438709259
1872,Nov,0.14455781877040863
1872,Dec,0.7836452126502991
1873,Jan,-0.8317652940750122
1873,Feb,1.3791190385818481
1873,Mar,-0.7774035334587097
1873,Apr,-0.2993362843990326
1873,May,-0.23072221875190735
1873,Jun,0.22269806265830994
1873,Jul,-0.4140847325325012
1873,Aug,-0.18074770271778107
1873,Sep,0.38493233919143677
1873,Oct,0.34023553133010864
1873,Nov,-0.157908096909523
1873,Dec,1.1599384546279907
1874,Jan,-0.6306116580963135
1874,Feb,2.070986747741699
1874,Mar,0.5683440566062927
1874,Apr,1.601004958152771
1874,May,1.6798640489578247
1874,Jun,1.2504680156707764
1874,Jul,-0.13075444102287292
1874,Aug,0.9379933476448059
1874,Sep,0.13309533894062042
1874,Oct,-0.004785954486578703
1874,Nov,-0.9376963376998901
1874,Dec,1.3062891960144043
1875,Jan,1.1477245092391968
1875,Feb,3.7519795894622803
1875,Mar,0.10545143485069275
1875,Apr,-0.5688700675964355
1875,May,-0.09995552152395248
1875,Jun,0.44413354992866516
1875,Jul,-0.23153071105480194
1875,Aug,-0.5660365223884583
1875,Sep,-0.14656220376491547
1875,Oct,0.5303822159767151
1875,Nov,-2.448909282684326
1875,Dec,-2.181325674057007
1876,Jan,-0.21564450860023499
1876,Feb,-1.5476266145706177
1876,Mar,-0.9953768849372864
1876,Apr,0.15212808549404144
1876,May,-0.16279789805412292
1876,Jun,-0.1408923715353012
1876,Jul,-0.6240448951721191
1876,Aug,-0.7980186343193054
1876,Sep,-0.4229402542114258
1876,Oct,-0.29197293519973755
1876,Nov,-1.395089030265808
1876,Dec,1.0089325904846191
1877,Jan,1.090291142463684
1877,Feb,0.48467886447906494
1877,Mar,1.3787649869918823
1877,Apr,0.8471118211746216
1877,May,1.3188254833221436
1877,Jun,0.2764018774032593
1877,Jul,-0.15952281653881073
1877,Aug,-0.20297811925411224
1877,Sep,-0.750565230846405
1877,Oct,-0.12013165652751923
1877,Nov,0.4567130208015442
1877,Dec,0.16933119297027588
1878,Jan,0.7623804211616516
1878,Feb,1.2394838333129883
1878,Mar,1.8624166250228882
1878,Apr,0.6642506718635559
1878,May,0.1631028950214386
1878,Jun,0.8059993982315063
1878,Jul,-0.04933131858706474
1878,Aug,0.1813412457704544
1878,Sep,0.027673279866576195
1878,Oct,-0.4968884289264679
1878,Nov,0.5063444972038269
1878,Dec,1.055418610572815
1879,Jan,1.3026529550552368
1879,Feb,0.462382972240448
1879,Mar,0.6929866075515747
1879,Apr,-0.1374417543411255
1879,May,0.20928902924060822
1879,Jun,0.2316920906305313
1879,Sep,-1.0489989519119263
1879,Oct,-0.8017629384994507
1879,Nov,-0.37405067682266235
1879,Dec,-0.677494466304779
1880,Jan,-1.168581247329712
1880,Feb,-0.05035695061087608
1880,Mar,-0.09268317371606827
1880,Apr,-0.19448573887348175
1880,May,0.5397247076034546
1881,Apr,0.7791649699211121
1881,May,-0.12246142327785492
1881,Jun,0.05430826544761658
1881,Jul,-0.022264493629336357
1881,Aug,0.707511842250824
1881,Sep,0.2179369181394577
1881,Oct,0.22829127311706543
1881,Nov,0.3483252227306366
1881,Dec,-1.7270792722702026
1882,Jan,1.4827662706375122
1882,Feb,-1.9064749479293823
1882,Mar,-1.8445537090301514
1882,Apr,-0.7221044898033142
1882,May,0.10417946428060532
1882,Jun,-0.3864401578903198
1882,Jul,-1.7430490255355835
1882,Aug,-1.4271016120910645
1882,Sep,0.6530477404594421
1882,Oct,0.9296185970306396
1882,Nov,-1.9772247076034546
1882,Dec,-2.8334524631500244
1883,Jan,2.15956974029541
1883,Feb,0.1413821578025818
1883,Mar,4.14330530166626
1883,Apr,1.86958646774292
1883,May,1.26188325881958
1883,Jun,0.3923538625240326
1883,Jul,-1.746328592300415
1883,Aug,-1.2299110889434814
1883,Sep,-0.09618725627660751
1883,Oct,0.3221708834171295
1883,Nov,-3.8584022521972656
1883,Dec,-0.9703090190887451
1884,Jan,3.606771945953369
1884,Feb,1.604135274887085
1884,Mar,1.9359132051467896
1884,Apr,0.7964654564857483
1884,May,-0.9746583700180054
1884,Jun,-0.26522308588027954
1884,Jul,-0.9108086228370667
1884,Aug,-0.595607340335846
1884,Sep,-1.3467564582824707
1884,Oct,-4.768150806427002
1884,Nov,-0.03441493213176727
1884,Dec,1.253388524055481
1885,Jan,0.5296210050582886
1885,Feb,-1.1272858381271362
1885,Mar,1.758419394493103
1885,Apr,1.9744293689727783
1885,May,1.2465900182724
1885,Jun,0.9025078415870667
1885,Jul,-0.2890864610671997
1885,Aug,0.06281180679798126
1885,Sep,-0.39815154671669006
1885,Oct,2.3188958168029785
1885,Nov,-1.703177809715271
1885,Dec,-0.2576909065246582
1886,Jan,-6.000089645385742
1886,Feb,-2.8046913146972656
1886,Mar,1.151954174041748
1886,Apr,1.349434494972229
1886,May,-0.11801119148731232
1886,Jun,0.8710154891014099
1886,Jul,-0.04761399328708649
1886,Aug,-0.5809051394462585
1886,Sep,-0.8957123756408691
1886,Oct,-0.6250907182693481
1886,Nov,-0.020547213032841682
1886,Dec,1.7785615921020508
1887,Jan,-2.258573293685913
1887,Feb,-0.18971684575080872
1887,Mar,-1.6521477699279785
1887,Apr,-0.11751106381416321
1887,May,-1.2621055841445923
1887,Jun,-0.6723583936691284
1887,Jul,-1.5875645875930786
1887,Aug,-1.1075161695480347
1887,Sep,-0.761959969997406
1887,Oct,-1.0492687225341797
1887,Nov,-1.8187018632888794
1887,Dec,-2.5339064598083496
1888,Jan,1.9700639247894287
1888,Feb,0.8555549383163452
1888,Mar,1.5254535675048828
1888,Apr,-3.6175413131713867
1888,May,0.29835906624794006
1888,Jun,-1.0795873403549194
1888,Jul,-0.9973483681678772
1888,Aug,-0.2847575545310974
1888,Sep,0.04882396385073662
1888,Oct,0.47295865416526794
1888,Nov,-0.5856972932815552
1888,Dec,1.5582164525985718
1889,Jan,3.360299825668335
1889,Feb,2.8187458515167236
1889,Mar,2.331000566482544
1889,Apr,0.9815348386764526
1889,May,0.7677924633026123
1889,Jun,0.3270767033100128
1889,Jul,-0.19299568235874176
1889,Aug,-0.19264020025730133
1889,Sep,-0.7128946185112
1889,Oct,0.20384494960308075
1889,Nov,-0.3521830141544342
1889,Dec,-0.6627861261367798
1890,Jan,1.3998950719833374
1890,Feb,0.18217326700687408
1890,Mar,-0.38564181327819824
1890,Apr,-2.4984586238861084
1890,May,-0.7954246997833252
1890,Jun,-1.7787930965423584
1890,Jul,-0.832310140132904
1890,Aug,-0.8336524963378906
1890,Sep,-0.6077656149864197
1890,Oct,-0.29519766569137573
1890,Nov,-0.127358540892601
1890,Dec,-0.7713810801506042
1891,Jan,1.9991097450256348
1891,Feb,0.48501554131507874
1891,Mar,1.0258506536483765
1891,Apr,0.14695759117603302
1891,May,-0.7000324130058289
1891,Jun,0.8310530781745911
1891,Jul,0.6044524312019348
1891,Aug,-0.06853000074625015
1891,Sep,-0.9038111567497253
1891,Oct,-0.6330501437187195
1891,Nov,-0.8304387331008911
1891,Dec,0.5368372201919556
1892,Jan,1.8249820470809937
1892,Feb,0.8649619817733765
1892,Mar,-0.7181895971298218
1892,May,0.8014006018638611
1892,Jun,0.08203289657831192
1892,Jul,-0.0884203091263771
1892,Aug,-0.2499978393316269
1892,Sep,-1.0710170269012451
1892,Oct,1.1076364517211914
1892,Nov,-6.455498695373535
1892,Dec,5.933856964111328
1893,Jan,-2.4212591648101807
1893,Feb,5.663147449493408
1893,Mar,1.949461817741394
1893,Apr,1.6865427494049072
1893,May,3.6656389236450195
1893,Jun,-0.03793065622448921
1893,Jul,0.11339295655488968
1893,Aug,0.06337809562683105
1893,Sep,-0.7402065992355347
1893,Oct,0.44142016768455505
1893,Nov,-1.6629140377044678
1893,Dec,-3.6014318466186523
1894,Jan,-4.391461372375488
1894,Feb,-3.0530059337615967
1894,Mar,1.5329957008361816
1894,Apr,-4.828112602233887
1894,May,-2.525308132171631
1894,Jun,-0.37875640392303467
1894,Jul,-1.6466350555419922
1894,Aug,0.36321908235549927
1894,Sep,-0.4902644455432892
1894,Oct,-1.096232533454895
1894,Nov,-2.4375758171081543
1894,Dec,2.7004079818725586
1895,Jan,-0.9109938144683838
1895,Feb,0.4957154393196106
1895,Mar,1.6197506189346313
1895,Apr,-2.1558356285095215
1895,May,0.9143982529640198
1895,Jun,-0.4387754797935486
1895,Jul,-0.26068341732025146
1895,Aug,-0.8055073022842407
1895,Sep,-1.8583614826202393
1895,Oct,-0.09998734295368195
1895,Nov,0.37052470445632935
1895,Dec,-0.5539442896842957
1896,Jan,-5.465243816375732
1896,Feb,-6.154163837432861
1896,Mar,0.4273858070373535
1896,Apr,-1.5083235502243042
1896,May,-1.6862343549728394
1896,Jun,-0.4754694998264313
1896,Jul,-1.5269360542297363
1896,Aug,-0.9997648596763611
1896,Sep,1.6956849098205566
1896,Oct,1.7618310451507568
1896,Nov,0.45618242025375366
1896,Dec,-1.6514838933944702
1897,Jan,0.21704956889152527
1897,Feb,0.8865916728973389
1897,Mar,-3.106552839279175
1897,Apr,-1.3388142585754395
1897,May,0.08627912402153015
1897,Jun,2.618412733078003
1897,Jul,-1.5491230487823486
1897,Aug,-0.893433690071106
1897,Sep,-4.256529808044434
1897,Oct,-3.762136697769165
1897,Nov,-0.037234798073768616
1897,Dec,5.971945762634277
1898,Jan,1.9116766452789307
1898,Feb,-0.9403244853019714
1898,Mar,4.716280937194824
1898,Apr,2.9268617630004883
1898,May,-0.4198954403400421
1898,Jun,0.2624872326850891
1898,Jul,-1.9744927883148193
1898,Aug,-0.721171498298645
1898,Sep,-0.6196580529212952
1898,Oct,-2.6148681640625
1898,Nov,-4.878012657165527
1898,Dec,2.176424026489258
1899,Jan,0.18150010704994202
1899,Feb,-3.290412187576294
1899,Mar,-0.2638898491859436
1899,Apr,-0.041272226721048355
1899,May,1.0413970947265625
1899,Jun,1.3497010469436646
1899,Jul,0.43477731943130493
1899,Aug,0.20163151621818542
1899,Sep,-0.033413805067539215
1899,Oct,-0.04087667912244797
1899,Nov,0.4114736020565033
1899,Dec,-0.584549069404602
1900,Jan,-2.4703586101531982
1900,Feb,0.4273982048034668
1900,Mar,2.4878337383270264
1900,Apr,1.1326677799224854
1900,May,-0.21529196202754974
1900,Jun,0.7250901460647583
1900,Jul,0.5085585117340088
1900,Aug,-1.0993882417678833
1900,Sep,1.0040074586868286
1900,Oct,-0.7753902673721313
1900,Nov,-1.2787901163101196
1900,Dec,0.8619318604469299
1901,Jan,-1.5942950248718262
1901,Feb,0.33597639203071594
1901,Mar,-1.911256194114685
1901,Apr,-1.223807692527771
1901,May,-2.980748414993286
1901,Jun,0.31396496295928955
1901,Jul,0.4408029019832611
1901,Aug,-0.6853494048118591
1901,Sep,1.1483014822006226
1901,Oct,1.3527978658676147
1901,Nov,-0.8567730188369751
1901,Dec,1.9230070114135742
1902,Jan,-1.2704792022705078
1902,Feb,5.347635746002197
1902,Mar,-6.013733863830566
1902,Apr,0.5112622976303101
1902,May,0.5865690112113953
1902,Jun,1.495484709739685
1902,Jul,1.1037507057189941
1902,Aug,0.7742686867713928
1902,Sep,0.9283080101013184
1902,Oct,5.5736870765686035
1902,Nov,-2.139491319656372
1902,Dec,-0.658518373966217
1903,Jan,-2.1295340061187744
1903,Feb,3.296847105026245
1903,Mar,4.297591686248779
1903,Apr,-0.7332885265350342
1903,May,-0.8812577724456787
1903,Jun,0.6093149781227112
1903,Jul,-0.8283559679985046
1903,Aug,0.5915234088897705
1903,Sep,-0.18964792788028717
1903,Oct,-3.349149465560913
1903,Nov,-2.2877395153045654
1903,Dec,4.9020795822143555
1904,Jan,-2.1359918117523193
1904,Feb,-1.0610082149505615
1904,Mar,2.46936297416687
1904,Apr,2.960378408432007
1904,May,1.596001386642456
1904,Jun,-0.5531938076019287
1904,Jul,-0.1676473617553711
1904,Aug,-0.6503344774246216
1904,Sep,-2.395589828491211
1904,Oct,1.3408781290054321
1904,Nov,-3.184285879135132
1904,Dec,1.7990164756774902
1905,Jan,4.915586948394775
1905,Feb,3.687865972518921
1905,Mar,2.2257587909698486
1905,Apr,2.1896610260009766
1905,May,1.1146472692489624
1905,Jun,0.5375195145606995
1905,Jul,-1.1433279514312744
1905,Aug,-0.7110703587532043
1905,Sep,-3.8817293643951416
1905,Oct,-1.3783928155899048
1905,Nov,4.295588970184326
1905,Dec,-1.7311190366744995
1906,Jan,-6.789795875549316
1906,Feb,2.0935423374176025
1906,Mar,6.236446857452393
1906,Apr,-0.25676965713500977
1906,May,1.6008127927780151
1906,Jun,1.4701557159423828
1906,Jul,-0.0879177376627922
1906,Aug,-0.3200480341911316
1906,Sep,-0.09406312555074692
1906,Oct,3.0847527980804443
1906,Nov,-1.3117417097091675
1906,Dec,-4.137059688568115
1907,Jan,4.160573482513428
1907,Feb,-6.429647922515869
1907,Mar,-1.5732479095458984
1907,Apr,0.415892094373703
1907,May,1.2594009637832642
1907,Jun,-0.339553564786911
1907,Jul,-0.8463451862335205
1907,Aug,0.20125064253807068
1907,Sep,-0.7010082602500916
1907,Oct,-1.3919445276260376
1907,Nov,-3.3501596450805664
1907,Dec,1.6538866758346558
1908,Jan,-0.8949820399284363
1908,Feb,5.296957015991211
1908,Mar,-1.9704171419143677
1908,Apr,-0.8020371198654175
1908,May,1.8839126825332642
1908,Jun,1.7702327966690063
1908,Jul,0.246153324842453
1908,Aug,-0.022445855662226677
1908,Sep,-2.482879161834717
1908,Oct,-1.4373234510421753
1908,Nov,-1.3199067115783691
1908,Dec,2.994244337081909
1909,Jan,-7.899350166320801
1909,Feb,-5.739068508148193
1909,Mar,0.5058259963989258
1909,Apr,-2.9689297676086426
1909,May,-0.2089335024356842
1909,Jun,1.2574689388275146
1909,Jul,0.9376952648162842
1909,Aug,-1.4280304908752441
1909,Sep,-2.603550910949707
1909,Oct,-2.053258180618286
1909,Nov,-4.718347072601318
1909,Dec,1.6318620443344116
1910,Jan,-1.3730946779251099
1910,Feb,-4.502667427062988
1910,Mar,-0.8624498248100281
1910,Apr,-1.9319669008255005
1910,May,-0.2979641854763031
1910,Jun,0.7577203512191772
1910,Jul,0.4887552559375763
1910,Aug,-0.89686119556427
1910,Sep,0.31833407282829285
1910,Oct,-0.29148992896080017
1910,Nov,1.1488945484161377
1910,Dec,-0.953647255897522
1911,Jan,-5.849175453186035
1911,Feb,5.575515270233154
1911,Mar,-0.995154619216919
1911,Apr,-1.6368769407272339
1911,May,1.3180558681488037
1911,Jun,1.7229235172271729
1911,Jul,1.618802785873413
1911,Aug,-0.34572187066078186
1911,Sep,0.23313461244106293
1911,Oct,5.1646318435668945
1911,Nov,-1.0806785821914673
1911,Dec,0.8126848340034485
1912,Jan,2.5911264419555664
1912,Feb,5.130489349365234
1912,Mar,7.417305946350098
1912,Apr,2.941938638687134
1912,May,1.5573781728744507
1912,Jun,-1.1761176586151123
1912,Jul,-1.412280559539795
1912,Aug,-0.05103039741516113
1912,Sep,0.5797909498214722
1912,Oct,2.309126377105713
1912,Nov,0.8240783214569092
1912,Dec,-1.602468490600586
1913,Jan,-7.241329193115234
1913,Feb,4.287773132324219
1913,Mar,1.3281009197235107
1913,Apr,-0.5817334055900574
1913,May,0.11654171347618103
1913,Jun,1.3928263187408447
1913,Jul,-0.2758385241031647
1913,Aug,-2.2112650871276855
1913,Sep,-2.775073289871216
1913,Oct,-2.184583902359009
1913,Nov,-0.25373801589012146
1913,Dec,1.211962342262268
1914,Jan,-0.7464858293533325
1914,Feb,1.2223258018493652
1914,Mar,-0.6162673830986023
1914,Apr,-0.3441535234451294
1914,May,-0.00555394496768713
1914,Jun,1.0968306064605713
1914,Jul,-2.3446571826934814
1914,Aug,0.09102021157741547
1914,Sep,-2.0550806522369385
1914,Oct,2.985703945159912
1914,Nov,-0.6733468770980835
1914,Dec,8.54039192199707
1915,Jan,2.8183422088623047
1915,Feb,1.4441324472427368
1915,Mar,3.307884454727173
1915,Apr,5.121225833892822
1915,May,2.4234941005706787
1915,Jun,1.397612452507019
1915,Jul,2.005953788757324
1915,Aug,0.3809793293476105
1915,Sep,-0.9913637042045593
1915,Oct,-3.1302425861358643
1915,Nov,-0.3491787314414978
1915,Dec,-0.780414879322052
1916,Jan,2.8956587314605713
1916,Feb,2.016433000564575
1916,Mar,-4.109626770019531
1916,Apr,3.7446389198303223
1916,May,1.8646339178085327
1916,Jun,1.2057639360427856
1916,Jul,-0.38908734917640686
1916,Aug,-1.5521081686019897
1916,Sep,0.5320687890052795
1916,Oct,2.9554603099823
1916,Nov,1.3950115442276
1916,Dec,-2.2356646060943604
1917,Jan,-3.1529531478881836
1917,Feb,5.909155368804932
1917,Mar,3.2768924236297607
1917,Apr,0.8135493993759155
1917,May,-1.679150104522705
1917,Jun,-2.2473442554473877
1917,Jul,-3.1862542629241943
1917,Aug,-1.09584641456604
1917,Sep,-0.047066580504179
1917,Oct,-0.8074522614479065
1917,Nov,-6.087121486663818
1917,Dec,-8.240537643432617
1918,Jan,-0.4957738220691681
1918,Feb,1.9633370637893677
1918,Mar,-1.5843113660812378
1918,Apr,-2.1928114891052246
1918,May,-1.7844899892807007
1918,Jun,-2.8137896060943604
1918,Jul,-1.3328098058700562
1918,Aug,-0.9012743830680847
1918,Sep,2.0131313800811768
1918,Oct,-1.0415974855422974
1918,Nov,-3.147489547729492
1918,Dec,-0.5324947834014893
1919,Jan,0.5020715594291687
1919,Feb,1.0635898113250732
1919,Mar,-3.112778902053833
1919,Apr,1.4996854066848755
1919,May,-0.35912686586380005
1919,Jun,-2.7368555068969727
1919,Jul,0.5741117596626282
1919,Aug,0.7997824549674988
1919,Sep,0.9706610441207886
1919,Oct,0.27025723457336426
1919,Nov,-2.457412004470825
1919,Dec,2.5138299465179443
1920,Jan,0.15888027846813202
1920,Feb,7.939642429351807
1920,Mar,-0.9435305595397949
1920,Apr,-2.875791549682617
1920,May,-1.6478420495986938
1920,Jun,0.5815240740776062
1920,Jul,0.411406010389328
1920,Aug,-0.03289300575852394
1920,Sep,0.2887815535068512
1920,Oct,-1.7983660697937012
1920,Nov,1.7631144523620605
1920,Dec,-0.7233783006668091
1921,Jan,-2.6939990520477295
1921,Feb,-0.701080322265625
1921,Mar,0.7395061254501343
1921,Apr,0.8523566722869873
1921,May,-0.007994047366082668
1921,Jun,0.833217978477478
1921,Jul,0.7042328119277954
1921,Aug,0.2857474684715271
1921,Sep,-1.775801658630371
1921,Oct,0.5658857226371765
1921,Nov,-0.6396604180335999
1921,Dec,5.5611982345581055
1922,Jan,4.425551414489746
1922,Feb,2.3217151165008545
1922,Mar,-2.3688576221466064
1922,Apr,1.072983980178833
1922,May,-3.6793932914733887
1922,Jun,-1.3495851755142212
1922,Jul,-3.196650505065918
1922,Aug,-1.3368840217590332
1922,Sep,-3.0628128051757813
1922,Oct,1.487494945526123
1922,Nov,0.7127338647842407
1922,Dec,1.7070399522781372
1923,Jan,-3.276411533355713
1923,Feb,4.513926982879639
1923,Mar,-1.777206540107727
1923,Apr,-0.38434499502182007
1923,May,0.07095472514629364
1923,Jun,1.4361060857772827
1923,Jul,0.3990819752216339
1923,Aug,2.0294365882873535
1923,Sep,0.025233712047338486
1923,Oct,4.87907600402832
1923,Nov,3.308600902557373
1923,Dec,-4.144683361053467
1924,Jan,1.817548394203186
1924,Feb,-1.780832052230835
1924,Mar,6.931790828704834
1924,Apr,-7.009187698364258
1924,May,-1.3296122550964355
1924,Jun,-1.471100091934204
1924,Jul,-1.3560017347335815
1924,Aug,-1.5314500331878662
1924,Sep,-2.185441017150879
1924,Oct,-3.309816598892212
1924,Nov,2.3562159538269043
1924,Dec,0.6172696352005005
1925,Jan,-7.850907802581787
1925,Feb,-6.603414535522461
1925,Mar,-1.3352751731872559
1925,Apr,1.3782999515533447
1925,May,0.9870668053627014
1925,Jun,1.135379433631897
1925,Jul,-0.21804195642471313
1925,Aug,0.5924341082572937
1925,Sep,1.4279595613479614
1925,Oct,3.117997646331787
1925,Nov,0.7153249979019165
1925,Dec,2.540069103240967
1926,Jan,8.2835054397583
1926,Feb,1.2416857481002808
1926,Mar,5.676674842834473
1926,Apr,3.2526142597198486
1926,May,0.045458871871232986
1926,Jun,1.062751293182373
1926,Jul,-0.3605639636516571
1926,Aug,-0.38667014241218567
1926,Sep,1.338782548904419
1926,Oct,3.0018789768218994
1926,Nov,3.9816484451293945
1926,Dec,-2.0512595176696777
1927,Jan,1.5651947259902954
1927,Feb,1.892797827720642
1927,Mar,-1.2222141027450562
1927,Apr,-3.8387134075164795
1927,May,0.3595641553401947
1927,Jun,1.6235300302505493
1927,Jul,1.5275968313217163
1927,Aug,-0.2840849459171295
1927,Sep,-2.159658193588257
1927,Oct,-1.920626163482666
1927,Nov,-4.241405487060547
1927,Dec,-2.3139443397521973
1928,Jan,5.306073188781738
1928,Feb,6.431342601776123
1928,Mar,-4.187698841094971
1928,Apr,-0.42182743549346924
1928,May,-0.525918185710907
1928,Jun,0.8784214854240417
1928,Jul,-0.08883848041296005
1928,Aug,-0.7702772617340088
1928,Sep,-0.7717493176460266
1928,Oct,-0.8614237308502197
1928,Nov,4.866290092468262
1928,Dec,3.82535719871521
1929,Jan,3.352996826171875
1929,Feb,4.527413368225098
1929,Mar,-2.139814615249634
1929,Apr,1.9974972009658813
1929,May,0.904381275177002
1929,Jun,0.14794106781482697
1929,Jul,-2.051870107650757
1929,Aug,-0.4443156123161316
1929,Sep,2.231933355331421
1929,Oct,3.374512195587158
1929,Nov,2.324274778366089
1929,Dec,2.5375583171844482
1930,Jan,7.65117073059082
1930,Feb,-4.657470703125
1930,Mar,-0.5177695155143738
1930,Apr,-1.8385618925094604
1930,May,2.2494287490844727
1930,Jun,1.571877360343933
1930,Jul,1.441293716430664
1930,Aug,0.10062267631292343
1930,Sep,0.4868082106113434
1930,Oct,0.7306546568870544
1930,Nov,-2.5464723110198975
1930,Dec,4.382751941680908
1931,Jan,2.4609742164611816
1931,Feb,3.4542744159698486
1931,Mar,-1.3794200420379639
1931,Apr,-0.15846553444862366
1931,May,-1.6419800519943237
1931,Jun,-0.05338491126894951
1931,Jul,-1.4120049476623535
1931,Aug,-1.7745046615600586
1931,Sep,-0.3177962899208069
1931,Oct,-0.5471177101135254
1931,Nov,3.165146589279175
1931,Dec,1.159110426902771
1932,Jan,-2.9963433742523193
1932,Feb,-4.2428202629089355
1932,Mar,2.988504648208618
1932,Apr,2.6326324939727783
1932,May,2.134445905685425
1932,Jun,0.2779374420642853
1932,Jul,0.32886821031570435
1932,Aug,-1.1320281028747559
1932,Sep,0.08842495083808899
1932,Oct,0.8378775715827942
1932,Nov,-5.86873197555542
1932,Dec,0.7228909134864807
1933,Jan,-4.908751487731934
1933,Feb,-0.7377194762229919
1933,Mar,0.8323438763618469
1933,Apr,1.8204158544540405
1933,May,-0.5596207976341248
1933,Jun,-1.938308835029602
1933,Jul,-1.4285231828689575
1933,Aug,0.2940545082092285
1933,Sep,-1.281789779663086
1933,Oct,-1.6312881708145142
1933,Nov,-2.3145294189453125
1933,Dec,-4.7501020431518555
1934,Jan,-6.946873664855957
1934,Feb,5.753221035003662
1934,Mar,-0.22790175676345825
1934,Apr,0.7947718501091003
1934,May,-0.6239566802978516
1934,Jun,-0.45807740092277527
1934,Jul,-1.8032292127609253
1934,Aug,-1.5945442914962769
1934,Sep,-1.055691123008728
1934,Oct,3.054234027862549
1934,Nov,-0.4113534986972809
1934,Dec,6.196331024169922
1935,Jan,0.5234025120735168
1935,Feb,6.585193157196045
1935,Mar,-0.9140900373458862
1935,Apr,-1.414952039718628
1935,May,-3.531984329223633
1935,Jun,-1.4507222175598145
1935,Jul,-0.3225633502006531
1935,Aug,-3.2606606483459473
1935,Sep,-1.3896989822387695
1935,Oct,0.22265256941318512
1935,Nov,-4.439816951751709
1935,Dec,-3.7691738605499268
1936,Jan,-0.5680598020553589
1936,Feb,-5.97619104385376
1936,Mar,0.6146700382232666
1936,Apr,0.1954982727766037
1936,May,-0.5928044319152832
1936,Jun,1.185072660446167
1936,Jul,-1.360827922821045
1936,Aug,0.9475492238998413
1936,Sep,-2.2443761825561523
1936,Oct,-1.275694489479065
1936,Nov,-0.9811857342720032
1936,Dec,-4.084505558013916
1937,Jan,8.922052383422852
1937,Feb,-1.3655859231948853
1937,Mar,1.190674066543579
1937,Apr,-1.643950343132019
1937,May,-1.902522325515747
1937,Jun,1.5724862813949585
1937,Jul,-0.7115583419799805
1937,Aug,-2.1385498046875
1937,Sep,1.7058340311050415
1937,Oct,2.847543954849243
1937,Nov,4.155362606048584
1937,Dec,0.23052161931991577
1938,Jan,-2.4675981998443604
1938,Feb,-1.2932240962982178
1938,Mar,1.8995041847229004
1938,Apr,0.4399150609970093
1938,May,1.0077011585235596
1938,Jun,-0.1566932201385498
1938,Jul,1.2609127759933472
1938,Aug,0.07448355853557587
1938,Sep,2.6729896068573
1938,Oct,5.685414791107178
1938,Nov,3.6973893642425537
1938,Dec,3.1648831367492676
1939,Jan,-0.0996973067522049
1939,Feb,-1.3981488943099976
1939,Mar,-1.2913662195205688
1939,Apr,4.4272308349609375
1939,May,0.05877716466784477
1939,Jun,0.9232245683670044
1939,Jul,0.0859963446855545
1939,Aug,-1.2505384683609009
1939,Sep,-1.645226240158081
1939,Oct,-0.8483380079269409
1939,Nov,-3.902813196182251
1939,Dec,6.8534088134765625
1940,Jan,6.290568828582764
1940,Feb,3.814098834991455
1940,Mar,2.313957691192627
1940,Apr,6.713242053985596
1940,May,0.8362780213356018
1940,Jun,-0.9554368853569031
1940,Jul,0.563193678855896
1940,Aug,0.35085979104042053
1940,Sep,1.965183973312378
1940,Oct,2.9020681381225586
1940,Nov,1.9112052917480469
1940,Dec,2.0344669818878174
1941,Jan,-0.6531619429588318
1941,Feb,4.905897617340088
1941,Mar,-0.6939159631729126
1941,Apr,0.5893871784210205
1941,May,0.9957149624824524
1941,Jun,1.0357578992843628
1941,Jul,-1.1729393005371094
1941,Aug,-0.3171583116054535
1941,Sep,-1.159704327583313
1941,Oct,-2.446258306503296
1941,Nov,-1.0851953029632568
1941,Dec,0.24605540931224823
1942,Jan,7.410946846008301
1942,Feb,5.695946216583252
1942,Mar,0.08659365773200989
1942,Apr,1.0050662755966187
1942,May,2.264475107192993
1942,Jun,1.3683398962020874
1942,Jul,0.9560312628746033
1942,Aug,-0.13316607475280762
1942,Sep,0.9333374500274658
1942,Oct,3.1078503131866455
1942,Nov,-2.586158037185669
1942,Dec,-3.680738687515259
1943,Jan,-3.4194507598876953
1943,Feb,5.852653503417969
1943,Mar,0.7210917472839355
1943,Apr,2.6663143634796143
1943,May,3.2046895027160645
1943,Jun,2.330695152282715
1943,Jul,0.332867294549942
1943,Aug,-0.3523351550102234
1943,Sep,0.04147351160645485
1943,Oct,3.031195640563965
1943,Nov,5.204831600189209
1943,Dec,3.7233498096466064
1944,Jan,2.8123369216918945
1944,Feb,5.240146160125732
1944,Mar,1.572727918624878
1944,Apr,2.7872354984283447
1944,May,0.2201170176267624
1944,Jun,1.4315249919891357
1944,Jul,0.09040353447198868
1944,Aug,-1.550188422203064
1944,Sep,-0.8242941498756409
1944,Oct,3.0483837127685547
1944,Nov,-0.2516527771949768
1944,Dec,3.5369699001312256
1945,Jan,3.656442403793335
1945,Feb,3.431872844696045
1945,Mar,-0.256399542093277
1945,Apr,-0.30305057764053345
1945,May,-1.971821665763855
1945,Jun,-0.6380971074104309
1945,Jul,-0.30891910195350647
1945,Aug,-1.2624995708465576
1945,Sep,-0.6499484181404114
1945,Oct,1.7823296785354614
1945,Nov,-5.547983646392822
1945,Dec,0.33104392886161804
1946,Jan,0.8324121832847595
1946,Feb,0.4950355589389801
1946,Mar,0.36266475915908813
1946,Apr,-1.3429592847824097
1946,May,1.9773176908493042
1946,Jun,1.9956066608428955
1946,Jul,0.18159723281860352
1946,Aug,-0.0915447399020195
1946,Sep,-1.520691990852356
1946,Oct,2.502626419067383
1946,Nov,-0.7970927357673645
1946,Dec,-6.626938343048096
1947,Jan,-2.511800527572632
1947,Feb,-0.8692444562911987
1947,Mar,5.609002113342285
1947,Apr,0.018985485658049583
1947,May,0.8562085032463074
1947,Jun,-1.5147881507873535
1947,Jul,0.07684552669525146
1947,Aug,-2.796168088912964
1947,Sep,-0.5011419653892517
1947,Oct,0.784721851348877
1947,Nov,3.4186899662017822
1947,Dec,5.39135217666626
1948,Jan,2.813875675201416
1948,Feb,3.458782911300659
1948,Mar,0.3584108054637909
1948,Apr,0.9848640561103821
1948,May,-0.7053471803665161
1948,Jun,-0.39705923199653625
1948,Jul,0.020946765318512917
1948,Aug,-1.7234400510787964
1948,Sep,-2.1103830337524414
1948,Oct,-1.4659485816955566
1948,Nov,-3.40877628326416
1948,Dec,-5.9157257080078125
1949,Jan,2.430276393890381
1949,Feb,-1.569450855255127
1949,Mar,7.1907782554626465
1949,Apr,-3.0874059200286865
1949,May,-2.290142297744751
1949,Jun,-2.5913848876953125
1949,Jul,-1.0089119672775269
1949,Aug,1.1194208860397339
1949,Sep,2.4936940670013428
1949,Oct,3.022357940673828
1949,Nov,5.771145343780518
1949,Dec,0.29011818766593933
1950,Jan,6.314403057098389
1950,Feb,-5.593774795532227
1950,Mar,4.827444076538086
1950,Apr,1.4470480680465698
1950,May,1.6887316703796387
1950,Jun,1.4748824834823608
1950,Jul,0.1630631387233734
1950,Aug,-0.036795955151319504
1950,Sep,1.3380829095840454
1950,Oct,0.7414684295654297
1950,Nov,1.262134075164795
1950,Dec,2.9492006301879883
1951,Jan,-5.029636383056641
1951,Feb,-1.5747157335281372
1951,Mar,-3.272737979888916
1951,Apr,1.7670494318008423
1951,May,0.8612248301506042
1951,Jun,-1.1706470251083374
1951,Jul,0.2573786675930023
1951,Aug,2.456829071044922
1951,Sep,1.4097505807876587
1951,Oct,-0.43000003695487976
1951,Nov,5.613223552703857
1951,Dec,1.457364797592163
1952,Jan,-3.3177545070648193
1952,Feb,-1.0391020774841309
1952,Mar,0.14158527553081512
1952,Apr,-0.3507729470729828
1952,May,-1.7386542558670044
1952,Jun,-0.18597178161144257
1952,Jul,0.7277071475982666
1952,Aug,-0.6024673581123352
1952,Sep,-1.606610894203186
1952,Oct,2.7238104343414307
1952,Nov,6.774567127227783
1952,Dec,2.8479225635528564
1953,Jan,-4.8299174308776855
1953,Feb,1.5351663827896118
1953,Mar,-0.7325818538665771
1953,Apr,3.9513211250305176
1953,May,0.6607831716537476
1953,Jun,1.8075615167617798
1953,Jul,0.3151508569717407
1953,Aug,-0.23049671947956085
1953,Sep,0.8803543448448181
1953,Oct,0.35406652092933655
1953,Nov,-0.8767372369766235
1953,Dec,-1.1949793100357056
1954,Jan,-2.762343168258667
1954,Feb,-2.0517475605010986
1954,Mar,4.749436855316162
1954,Apr,-1.7484513521194458
1954,May,-1.4451180696487427
1954,Jun,-1.1771962642669678
1954,Jul,0.2809647023677826
1954,Aug,3.157569408416748
1954,Sep,0.7415907979011536
1954,Oct,2.2101967334747314
1954,Nov,2.143303394317627
1954,Dec,-4.527961730957031
1955,Jan,1.3898714780807495
1955,Feb,-5.385176181793213
1955,Mar,-0.8486341834068298
1955,Apr,-0.8619008660316467
1955,May,0.05747612193226814
1955,Jun,0.5922361612319946
1955,Jul,1.1657522916793823
1955,Aug,-1.7966803312301636
1955,Sep,0.4424739181995392
1955,Oct,0.7422733902931213
1955,Nov,-6.179555416107178
1955,Dec,-2.550283908843994
1956,Jan,-2.798332452774048
1956,Feb,-4.28753137588501
1956,Mar,2.8120510578155518
1956,Apr,1.7593520879745483
1956,May,0.5503602027893066
1956,Jun,-0.34105902910232544
1956,Jul,0.7309626340866089
1956,Aug,-1.964372992515564
1956,Sep,-0.14208894968032837
1956,Oct,-2.823791980743408
1956,Nov,-3.769204616546631
1956,Dec,-3.601609468460083
1957,Jan,7.400930881500244
1957,Feb,-0.6034952998161316
1957,Mar,2.534276008605957
1957,Apr,3.6485042572021484
1957,May,-0.14451219141483307
1957,Jun,-0.4210694134235382
1957,Jul,-0.3178623914718628
1957,Aug,3.1948375701904297
1957,Sep,0.12538935244083405
1957,Oct,2.359844207763672
1957,Nov,-0.4518603980541229
1957,Dec,-4.167734622955322
1958,Jan,1.6719282865524292
1958,Feb,-1.807883858680725
1958,Mar,2.6858901977539063
1958,Apr,1.6317132711410522
1958,May,0.6471492052078247
1958,Jun,2.664458751678467
1958,Jul,2.0269641876220703
1958,Aug,2.35306453704834
1958,Sep,1.67121422290802
1958,Oct,-1.607839822769165
1958,Nov,0.23420315980911255
1958,Dec,1.5663604736328125
1959,Jan,-2.6915829181671143
1959,Feb,7.566539764404297
1959,Mar,-5.149773597717285
1959,Apr,-0.9279696345329285
1959,May,-1.3135831356048584
1959,Jun,-0.6547474265098572
1959,Jul,-2.102682113647461
1959,Aug,-2.1625328063964844
1959,Sep,-1.0511810779571533
1959,Oct,-0.8305659294128418
1959,Nov,-2.6890296936035156
1959,Dec,-1.2018312215805054
1960,Jan,-1.8933950662612915
1960,Feb,5.064611911773682
1960,Mar,0.2909519672393799
1960,Apr,-1.762518286705017
1960,May,1.4722458124160767
1960,Jun,-0.3632855713367462
1960,Jul,-1.4526947736740112
1960,Aug,-1.3034591674804688
1960,Sep,-1.2486801147460938
1960,Oct,0.21487854421138763
1960,Nov,-4.235915184020996
1960,Dec,5.959624290466309
1961,Jan,4.159958839416504
1961,Feb,-1.9084120988845825
1961,Mar,-3.521331310272217
1961,Apr,-4.569774627685547
1961,May,1.295568585395813
1961,Jun,0.3082611858844757
1961,Jul,-0.1532556414604187
1961,Aug,-0.855413019657135
1961,Sep,0.8936688899993896
1961,Oct,-1.7505903244018555
1961,Nov,-1.8081765174865723
1961,Dec,-3.3534533977508545
1962,Jan,6.788435935974121
1962,Feb,6.934839248657227
1962,Mar,-0.3443295359611511
1962,Apr,-0.07419612258672714
1962,May,-1.890671730041504
1962,Jun,0.4283844828605652
1962,Jul,0.3862074315547943
1962,Aug,1.9296448230743408
1962,Sep,-0.6931549906730652
1962,Oct,3.0665605068206787
1962,Nov,1.9545371532440186
1962,Dec,4.349120616912842
1963,Jan,2.182215452194214
1963,Feb,3.1233201026916504
1963,Mar,-0.08139248192310333
1963,Apr,3.4309000968933105
1963,May,2.6656911373138428
1963,Jun,-0.7410318851470947
1963,Jul,-0.6327720284461975
1963,Aug,0.27868592739105225
1963,Sep,-0.6413577198982239
1963,Oct,0.2216932624578476
1963,Nov,-4.325581073760986
1963,Dec,6.367565155029297
1964,Jan,-2.06740140914917
1964,Feb,1.3004655838012695
1964,Mar,-5.3920745849609375
1964,Apr,-4.6734299659729
1964,May,-2.0462093353271484
1964,Jun,-0.8262251615524292
1964,Jul,-1.4899009466171265
1964,Aug,-0.695229709148407
1964,Sep,-0.3058735728263855
1964,Oct,1.8446954488754272
1964,Nov,0.7819976806640625
1964,Dec,-5.7249674797058105
1965,Jan,-3.1543731689453125
1965,Feb,-6.2586164474487305
1965,Mar,6.946424961090088
1965,Apr,2.5552642345428467
1965,May,-1.1959694623947144
1965,Jun,-1.4732582569122314
1965,Jul,-0.7164696455001831
1965,Aug,-0.466504842042923
1965,Sep,0.5934329628944397
1965,Oct,-3.4813361167907715
1965,Nov,3.54229474067688
1965,Dec,-0.17855478823184967
1966,Jan,-5.602578163146973
1966,Feb,-0.9336016178131104
1966,Mar,-2.765671491622925
1966,Apr,-3.3906710147857666
1966,May,-0.22735564410686493
1966,Jun,0.9519951939582825
1966,Jul,0.6320741176605225
1966,Aug,-1.036289095878601
1966,Sep,1.6982126235961914
1966,Oct,0.8903306722640991
1966,Nov,-0.3532756567001343
1966,Dec,0.42976123094558716
1967,Jan,1.6427643299102783
1967,Feb,-0.08676902204751968
1967,Mar,2.3466153144836426
1967,Apr,2.5288267135620117
1967,May,0.7115013599395752
1967,Jun,0.38074466586112976
1967,Jul,-0.8835793733596802
1967,Aug,-1.101198673248291
1967,Sep,-0.6834248304367065
1967,Oct,-1.0762457847595215
1967,Nov,1.3989753723144531
1967,Dec,3.477447271347046
1968,Jan,2.4683213233947754
1968,Feb,-1.568141222000122
1968,Mar,3.885571241378784
1968,Apr,-0.974840521812439
1968,May,0.7064242959022522
1968,Jun,0.5613475441932678
1968,Jul,1.5845659971237183
1968,Aug,0.312466025352478
1968,Sep,-0.6507185101509094
1968,Oct,0.4945630729198456
1968,Nov,-0.7549351453781128
1968,Dec,-1.580645203590393
1969,Jan,-2.547070264816284
1969,Feb,-1.5318801403045654
1969,Mar,0.8433035612106323
1969,Apr,4.27902889251709
1969,May,1.102508544921875
1969,Jun,0.8485647439956665
1969,Jul,-1.4337022304534912
1969,Aug,-4.603330135345459
1969,Sep,0.006597223225980997
1969,Oct,4.588825702667236
1969,Nov,-3.987926959991455
1969,Dec,5.988138198852539
1970,Jan,-0.42032092809677124
1970,Feb,2.735285997390747
1970,Mar,1.8707799911499023
1970,Apr,0.9323968291282654
1970,May,0.024108462035655975
1970,Jun,-0.7225376963615417
1970,Jul,0.14768891036510468
1970,Aug,0.3240809440612793
1970,Sep,-3.685004949569702
1970,Oct,-5.14194917678833
1970,Nov,1.3904610872268677
1970,Dec,-0.006987097207456827
1971,Jan,-6.287182331085205
1971,Feb,-3.590782880783081
1971,Mar,-1.7742410898208618
1971,Apr,-2.998731851577759
1971,May,-0.09402654320001602
1971,Jun,1.8705470561981201
1971,Jul,0.5918558239936829
1971,Aug,-2.3502094745635986
1971,Sep,-0.36665868759155273
1971,Oct,-1.313744306564331
1971,Nov,-1.7725751399993896
1971,Dec,-0.3819708228111267
1972,Jan,-1.4752191305160522
1972,Feb,-1.8797707557678223
1972,Mar,-2.3640317916870117
1972,Apr,-3.126966714859009
1972,May,-1.2671128511428833
1972,Jun,0.47653529047966003
1972,Jul,0.2171846479177475
1972,Aug,1.1141985654830933
1972,Sep,-2.225656747817993
1972,Oct,2.0878121852874756
1972,Nov,0.5365979075431824
1972,Dec,3.7343053817749023
1973,Jan,1.3674979209899902
1973,Feb,1.5193480253219604
1973,Mar,-2.699690818786621
1973,Apr,0.7669094800949097
1973,May,1.0836020708084106
1973,Jun,0.03078227862715721
1973,Jul,-0.10869810730218887
1973,Aug,-0.49414584040641785
1973,Sep,1.9025745391845703
1973,Oct,-0.47383585572242737
1973,Nov,-1.5952216386795044
1973,Dec,3.1147634983062744
1974,Jan,2.001739978790283
1974,Feb,-5.691110134124756
1974,Mar,-2.77156662940979
1974,Apr,-3.5201001167297363
1974,May,-1.140757441520691
1974,Jun,-2.39414119720459
1974,Jul,-1.0994315147399902
1974,Aug,-0.2592688500881195
1974,Sep,0.15911135077476501
1974,Oct,-4.834554195404053
1974,Nov,-3.4449381828308105
1974,Dec,-4.577601432800293
1975,Jan,-4.757216930389404
1975,Feb,1.2115042209625244
1975,Mar,3.5144460201263428
1975,Apr,-0.5059656500816345
1975,May,0.3367998003959656
1975,Jun,0.2310008704662323
1975,Jul,0.5120213031768799
1975,Aug,-0.7299968004226685
1975,Sep,-1.7941783666610718
1975,Oct,-1.6502654552459717
1975,Nov,-5.832683563232422
1975,Dec,-4.116172790527344
1976,Jan,-1.713113784790039
1976,Feb,-3.2984209060668945
1976,Mar,-0.3478577136993408
1976,Apr,2.9992377758026123
1976,May,0.022942470386624336
1976,Jun,-0.5837611556053162
1976,Jul,-0.21509148180484772
1976,Aug,1.5014992952346802
1976,Sep,2.2866199016571045
1976,Oct,-0.6018093824386597
1976,Nov,5.519364356994629
1976,Dec,-2.6270751953125
1977,Jan,5.366775035858154
1977,Feb,4.6632490158081055
1977,Mar,-4.1409478187561035
1977,Apr,-1.7100145816802979
1977,May,0.36025387048721313
1977,Jun,-0.10636360198259354
1977,Jul,-0.693043053150177
1977,Aug,2.5962071418762207
1977,Sep,1.915484070777893
1977,Oct,2.2967286109924316
1977,Nov,-2.8025474548339844
1977,Dec,0.9395973086357117
1978,Jan,7.325907230377197
1978,Feb,4.1442155838012695
1978,Mar,3.3290884494781494
1978,Apr,1.2238689661026
1978,May,-2.310603618621826
1978,Jun,-1.7534308433532715
1978,Jul,1.0298868417739868
1978,Aug,-0.7774895429611206
1978,Sep,2.5326600074768066
1978,Oct,-4.392708778381348
1978,Nov,4.674471378326416
1978,Dec,3.1443464756011963
1979,Jan,6.873610973358154
1979,Feb,-3.6485776901245117
1979,Mar,-1.760524034500122
1979,Apr,0.8355685472488403
1979,May,2.5176095962524414
1979,Jun,-0.14596785604953766
1979,Jul,2.0720133781433105
1979,Aug,3.038658857345581
1979,Sep,1.219273328781128
1979,Oct,3.5202581882476807
1979,Nov,8.619863510131836
1979,Dec,-0.13268110156059265
1980,Jan,0.7074803709983826
1980,Feb,7.347188949584961
1980,Mar,2.0169663429260254
1980,Apr,-1.1136378049850464
1980,May,-0.2616752088069916
1980,Jun,1.908274531364441
1980,Jul,-1.3791959285736084
1980,Aug,-0.8286570310592651
1980,Sep,-3.3838188648223877
1980,Oct,2.7926998138427734
1980,Nov,1.6963036060333252
1980,Dec,-3.451807737350464
1981,Jan,14.243266105651855
1981,Feb,3.3140599727630615
1981,Mar,4.980469703674316
1981,Apr,1.3307512998580933
1981,May,3.5285346508026123
1981,Jun,-0.4832518696784973
1981,Jul,-0.8845129609107971
1981,Aug,-1.6534472703933716
1981,Sep,-1.212229609489441
1981,Oct,1.5008208751678467
1981,Nov,1.1116504669189453
1981,Dec,4.524981498718262
1982,Jan,-2.132354974746704
1982,Feb,4.712679862976074
1982,Mar,1.461283564567566
1982,Apr,0.18955598771572113
1982,May,-1.8643271923065186
1982,Jun,0.3313837945461273
1982,Jul,1.30880868434906
1982,Aug,-1.1199908256530762
1982,Sep,1.4929269552230835
1982,Oct,-4.138060569763184
1982,Nov,-4.766995906829834
1982,Dec,2.2141213417053223
1983,Jan,-2.8860208988189697
1983,Feb,1.8854331970214844
1983,Mar,-0.9965782761573792
1983,Apr,0.6998787522315979
1983,May,-3.555774450302124
1983,Jun,0.9551538228988647
1983,Jul,-0.03389957174658775
1983,Aug,-0.4613296687602997
1983,Sep,-2.8394229412078857
1983,Oct,-3.844895124435425
1983,Nov,2.0903127193450928
1983,Dec,3.0269315242767334
1984,Jan,0.9749960899353027
1984,Feb,-4.904152870178223
1984,Mar,0.7635207176208496
1984,Apr,-0.8165275454521179
1984,May,0.5655005574226379
1984,Jun,1.3401895761489868
1984,Jul,-1.0637143850326538
1984,Aug,-1.563620924949646
1984,Sep,0.5566861629486084
1984,Oct,-0.5517484545707703
1984,Nov,-5.084733486175537
1984,Dec,-1.8965741395950317
1985,Jan,8.317458152770996
1985,Feb,-0.24062176048755646
1985,Mar,3.4259777069091797
1985,Apr,-5.288717269897461
1985,May,1.2730166912078857
1985,Jun,0.4969205856323242
1985,Jul,-1.9145132303237915
1985,Aug,-0.6103228330612183
1985,Sep,-0.20364326238632202
1985,Oct,-2.4529929161071777
1985,Nov,0.08771819621324539
1985,Dec,6.525345325469971
1986,Jan,1.3916609287261963
1986,Feb,5.536718845367432
1986,Mar,-1.4108800888061523
1986,Apr,-4.336305618286133
1986,May,-1.910328984260559
1986,Jun,0.7096890211105347
1986,Jul,-0.2264910340309143
1986,Aug,-1.2905645370483398
1986,Sep,2.1313557624816895
1986,Oct,-0.6643198132514954
1986,Nov,-4.17043924331665
1986,Dec,4.873755931854248
1987,Jan,5.155572414398193
1987,Feb,1.3128820657730103
1987,Mar,0.9469426870346069
1987,Apr,-2.6950948238372803
1987,May,-0.6210852861404419
1987,Jun,0.6670640110969543
1987,Jul,0.677139163017273
1987,Aug,0.23972125351428986
1987,Sep,0.2368057370185852
1987,Oct,3.737880229949951
1987,Nov,-0.058147214353084564
1987,Dec,4.121041297912598
1988,Jan,3.9297068119049072
1988,Feb,3.719862222671509
1988,Mar,4.579546928405762
1988,Apr,2.7973413467407227
1988,May,0.36825352907180786
1988,Jun,1.4368226528167725
1988,Jul,0.8751118779182434
1988,Aug,-0.19957609474658966
1988,Sep,0.054145947098731995
1988,Oct,-3.0055344104766846
1988,Nov,-5.871797561645508
1988,Dec,5.469500541687012
1989,Jan,-3.8257250785827637
1989,Feb,13.173903465270996
1989,Mar,1.237701416015625
1989,Apr,4.5778656005859375
1989,May,0.07010899484157562
1989,Jun,0.6834340691566467
1989,Jul,2.2148056030273438
1989,Aug,2.896052122116089
1989,Sep,1.6525357961654663
1989,Oct,-0.06478046625852585
1989,Nov,-6.829612731933594
1989,Dec,3.407297134399414
1990,Jan,-3.1249139308929443
1990,Feb,-4.61668062210083
1990,Mar,6.1391143798828125
1990,Apr,5.790249347686768
1990,May,3.0389037132263184
1990,Jun,1.268725037574768
1990,Jul,1.6347274780273438
1990,Aug,-0.1267835646867752
1990,Sep,-0.4116811454296112
1990,Oct,0.0448877215385437
1990,Nov,-5.329588890075684
1990,Dec,-1.2943663597106934
1991,Jan,4.308414459228516
1991,Feb,1.053166151046753
1991,Mar,1.226312518119812
1991,Apr,3.41545033454895
1991,May,4.948477745056152
1991,Jun,0.5033141374588013
1991,Jul,-2.0274288654327393
1991,Aug,-2.3691184520721436
1991,Sep,0.862267255783081
1991,Oct,0.6156814098358154
1991,Nov,-3.5707645416259766
1991,Dec,-1.0928175449371338
1992,Jan,2.49570369720459
1992,Feb,0.8886776566505432
1992,Mar,5.701419353485107
1992,Apr,-0.9569034576416016
1992,May,-1.9711177349090576
1992,Jun,1.4535292387008667
1992,Jul,0.48794081807136536
1992,Aug,0.48061931133270264
1992,Sep,-5.00595235824585
1992,Oct,-2.9865710735321045
1992,Nov,1.1110130548477173
1992,Dec,1.0123721361160278
1993,Jan,5.075906276702881
1993,Feb,5.610004425048828
1993,Mar,5.518366813659668
1993,Apr,3.8536510467529297
1993,May,1.2440975904464722
1993,Jun,1.3152819871902466
1993,Jul,1.975873351097107
1993,Aug,-0.4712776839733124
1993,Sep,0.045271437615156174
1993,Oct,3.262448310852051
1993,Nov,1.8846993446350098
1993,Dec,4.916801929473877
1994,Jan,1.6632835865020752
1994,Feb,2.086075782775879
1994,Mar,1.1656031608581543
1994,Apr,0.7903006076812744
1994,May,2.0410242080688477
1994,Jun,-0.6814796328544617
1994,Jul,2.1618645191192627
1994,Aug,2.31477952003479
1994,Sep,-2.0505385398864746
1994,Oct,0.49445003271102905
1994,Nov,-2.720069408416748
1994,Dec,1.1304134130477905
1995,Jan,3.5602498054504395
1995,Feb,3.4715681076049805
1995,Mar,-0.09124439209699631
1995,Apr,5.311954021453857
1995,May,4.331654071807861
1995,Jun,1.0774980783462524
1995,Jul,0.4736941456794739
1995,Aug,-0.9376859664916992
1995,Sep,3.203493595123291
1995,Oct,0.594285786151886
1995,Nov,-1.6374390125274658
1995,Dec,-0.8042411804199219
1996,Jan,0.2837894856929779
1996,Feb,3.756077766418457
1996,Mar,4.573240280151367
1996,Apr,-0.9785120487213135
1996,May,1.0414245128631592
1996,Jun,1.1628735065460205
1996,Jul,-0.007379935123026371
1996,Aug,-3.551549196243286
1996,Sep,-3.2178122997283936
1996,Oct,-6.619968414306641
1996,Nov,0.1930253803730011
1996,Dec,2.2800118923187256
1997,Jan,0.4161708354949951
1997,Feb,5.166511535644531
1997,Mar,-1.119104027748108
1997,Apr,1.9283928871154785
1997,May,0.6683353185653687
1997,Jun,0.7331227660179138
1997,Jul,0.08633527904748917
1997,Aug,1.3805850744247437
1997,Sep,2.583038568496704
1997,Oct,-1.9961069822311401
1997,Nov,4.435375690460205
1997,Dec,2.849531650543213
1998,Jan,-0.23076432943344116
1998,Feb,5.153199672698975
1998,Mar,6.732359409332275
1998,Apr,8.830084800720215
1998,May,3.9158878326416016
1998,Jun,1.8411928415298462
1998,Jul,2.3731727600097656
1998,Aug,0.82829749584198
1998,Sep,1.8478734493255615
1998,Oct,1.5030995607376099
1998,Nov,2.0497004985809326
1998,Dec,5.799492359161377
1999,Jan,-0.20385298132896423
1999,Feb,0.5426033735275269
1999,Mar,1.3769707679748535
1999,Apr,0.5083047747612
1999,May,0.9078896045684814
1999,Jun,1.4926849603652954
1999,Jul,-0.977373480796814
1999,Aug,1.1293234825134277
1999,Sep,1.2961926460266113
1999,Oct,-1.745925784111023
1999,Nov,-1.7108007669448853
1999,Dec,-0.145696222782135
2000,Jan,3.5500199794769287
2000,Feb,6.219610691070557
2000,Mar,1.8342262506484985
2000,Apr,-0.02142539992928505
2000,May,-3.0369513034820557
2000,Jun,1.8161031007766724
2000,Jul,-0.6389452815055847
2000,Aug,-2.3731234073638916
2000,Sep,-1.1617234945297241
2000,Oct,-0.8915504813194275
2000,Nov,2.556997299194336
2000,Dec,3.6737606525421143
2001,Jan,8.617609024047852
2001,Feb,7.432633876800537
2001,Mar,-0.6926700472831726
2001,Apr,1.1431045532226563
2001,May,-3.9692249298095703
2001,Jun,0.3458159863948822
2001,Jul,-0.8423557877540588
2001,Aug,-0.28697049617767334
2001,Sep,2.17797589302063
2001,Oct,-0.4930972456932068
2001,Nov,1.416359305381775
2001,Dec,4.069474697113037
2002,Jan,4.981232643127441
2002,Feb,2.2755300998687744
2002,Mar,4.426735877990723
2002,Apr,0.5458009839057922
2002,May,1.2231554985046387
2002,Jun,-0.34956759214401245
2002,Jul,-1.0858495235443115
2002,Aug,-2.0683112144470215
2002,Sep,2.793152093887329
2002,Oct,2.819706678390503
2002,Nov,6.904786586761475
2002,Dec,10.194459915161133
2003,Jan,3.1966798305511475
2003,Feb,5.390645980834961
2003,Mar,1.8436946868896484
2003,Apr,3.8268632888793945
2003,May,0.1595083326101303
2003,Jun,0.09217585623264313
2003,Jul,-0.44848892092704773
2003,Aug,-1.1780195236206055
2003,Sep,-1.2913435697555542
2003,Oct,5.1236348152160645
2003,Nov,0.6275469660758972
2003,Dec,2.8142549991607666
2004,Jan,0.5996031761169434
2004,Feb,-0.25768470764160156
2004,Mar,-2.681849241256714
2004,Apr,1.5853309631347656
2004,May,0.9676916599273682
2004,Jun,3.747811794281006
2004,Jul,1.1833959817886353
2004,Aug,1.428036093711853
2004,Sep,-2.072061061859131
2004,Oct,0.018847165629267693
2004,Nov,-0.3051528334617615
2004,Dec,0.8324781060218811
2005,Jan,4.093857765197754
2005,Feb,2.9476935863494873
2005,Mar,4.874495029449463
2005,Apr,2.2628324031829834
2005,May,2.8694264888763428
2005,Jun,0.5413061380386353
2005,Jul,-2.6714136600494385
2005,Aug,0.33522289991378784
2005,Sep,0.4878263473510742
2005,Oct,1.3763316869735718
2005,Nov,-3.2006587982177734
2005,Dec,6.955850601196289
2006,Jan,-0.18314754962921143
2006,Feb,9.420411109924316
2006,Mar,-0.8654308915138245
2006,Apr,-0.9830479621887207
2006,May,2.432082176208496
2006,Jun,1.4062163829803467
2006,Jul,-0.5046166181564331
2006,Aug,-0.44580695033073425
2006,Sep,3.7445218563079834
2006,Oct,4.1637091636657715
2006,Nov,-2.03045392036438
2006,Dec,7.191853046417236
2007,Jan,4.861815452575684
2007,Feb,1.3294451236724854
2007,Mar,-3.25150990486145
2007,Apr,4.257479667663574
2007,May,-0.6684285998344421
2007,Jun,1.8937872648239136
2007,Jul,1.5755244493484497
2007,Aug,0.5640630722045898
2007,Sep,1.1222678422927856
2007,Oct,-0.4658472537994385
2007,Nov,4.309382438659668
2007,Dec,4.308151721954346
2008,Jan,1.958864688873291
2008,Feb,2.3398149013519287
2008,Mar,-0.6292886734008789
2008,Apr,4.306187152862549
2008,May,1.7438958883285522
2008,Jun,2.33140230178833
2008,Jul,-0.21070624887943268
2008,Aug,-2.6664323806762695
2008,Sep,-0.5890101194381714
2008,Oct,-3.00026535987854
2008,Nov,2.367893695831299
2008,Dec,3.02192759513855
2009,Jan,1.3143994808197021
2009,Feb,4.738749027252197
2009,Mar,-2.7071011066436768
2009,Apr,2.052830457687378
2009,May,1.5093650817871094
2009,Jun,-0.048747718334198
2009,Jul,0.17445313930511475
2009,Aug,-1.2599759101867676
2009,Sep,0.9672742486000061
2009,Oct,2.986388921737671
2009,Nov,-1.6695212125778198
2009,Dec,6.525853633880615
2010,Jan,1.467365026473999
2010,Feb,5.42066764831543
2010,Mar,3.4292609691619873
2010,Apr,7.629726886749268
2010,May,2.6143088340759277
2010,Jun,0.5729376077651978
2010,Jul,0.3756740391254425
2010,Aug,1.7318195104599
2010,Sep,1.2602812051773071
2010,Oct,1.1087031364440918
2010,Nov,6.671846866607666
2010,Dec,-1.3961364030838013
2011,Jan,3.782802104949951
2011,Feb,5.219846248626709
2011,Mar,3.3140087127685547
2011,Apr,-1.137949824333191
2011,May,2.1828982830047607
2011,Jun,-0.6740952730178833
2011,Jul,0.40844061970710754
2011,Aug,0.21268333494663239
2011,Sep,1.711330771446228
2011,Oct,2.6745035648345947
2011,Nov,-3.8085055351257324
2011,Dec,4.348679542541504
2012,Jan,-1.6269537210464478
2012,Feb,6.546416282653809
2012,Mar,-3.820345640182495
2012,Apr,3.6257011890411377
2012,May,1.1588506698608398
2012,Jun,2.9031903743743896
2012,Jul,1.6959283351898193
2012,Aug,1.515985369682312
2012,Sep,2.3665056228637695
2012,Oct,2.3945069313049316
2012,Nov,-0.8922096490859985
2012,Dec,-1.3429099321365356
2013,Jan,2.3256680965423584
2013,Feb,1.3377670049667358
2013,Mar,1.332124948501587
2013,Apr,-2.4874210357666016
2013,May,-1.6542823314666748
2013,Jun,2.286954641342163
2013,Jul,0.41275814175605774
2013,Aug,1.2760173082351685
2013,Sep,-0.014752165414392948
2013,Oct,5.872649192810059
2013,Nov,3.008277654647827
2013,Dec,1.7172542810440063
2014,Jan,6.481238842010498
2014,Feb,3.3294317722320557
2014,Mar,5.102420330047607
2014,Apr,2.532961368560791
2014,May,2.8301942348480225
2014,Jun,0.5975413918495178
2014,Jul,-0.7011358141899109
2014,Aug,0.1262047439813614
2014,Sep,0.4147082567214966
2014,Oct,1.9929178953170776
2014,Nov,3.0247552394866943
2014,Dec,5.575243949890137
2015,Jan,4.052631855010986
2015,Feb,6.446422576904297
2015,Mar,4.9155192375183105
2015,Apr,4.608843803405762
2015,May,5.753559112548828
2015,Jun,1.77773118019104
2015,Jul,-0.8238774538040161
2015,Aug,-1.7493971586227417
2015,Sep,-1.5895678997039795
2015,Oct,1.4922996759414673
2015,Nov,3.6896438598632813
2015,Dec,2.65712308883667
2016,Jan,9.431710243225098
2016,Feb,8.039576530456543
2016,Mar,5.393575191497803
2016,Apr,3.595175266265869
2016,May,3.7967686653137207
2016,Jun,-0.10024446994066238
2016,Jul,0.03993595391511917
2016,Aug,0.3689838647842407
2016,Sep,-0.0373462550342083
2016,Oct,1.6144413948059082
2016,Nov,2.6984567642211914
2016,Dec,3.5624101161956787
2017,Jan,6.690537929534912
2017,Feb,5.347282886505127
2017,Mar,1.1370235681533813
2017,Apr,1.5059951543807983
2017,May,2.93109130859375
2017,Jun,0.430092453956604
2017,Jul,1.912156343460083
2017,Aug,0.2883734107017517
2017,Sep,1.5691889524459839
2017,Oct,2.735194206237793
2017,Nov,3.071319103240967
2017,Dec,10.8452730178833
2018,Jan,7.096527576446533
2018,Feb,8.3832550048828125
2018,Mar,5.532135963439941
2018,Apr,0.42104271054267883
2018,May,0.4364776015281677
2018,Jun,-1.3824443817138672
2018,Jul,0.6008548140525818
2018,Aug,-3.086185932159424
2018,Sep,-1.0022997856140137
2018,Oct,3.2923197746276855
2018,Nov,2.882416248321533
2018,Dec,6.3474555015563965
2019,Jan,4.804477691650391
2019,Feb,9.001958847045898
2019,Mar,12.18190860748291
2019,Apr,3.593878984451294
2019,May,3.3242034912109375
2019,Jun,0.839928925037384
2019,Jul,2.0754001140594482
2019,Aug,-2.2984225749969482
2019,Sep,2.5167973041534424
2019,Oct,4.03672456741333
2019,Nov,3.849219560623169
2019,Dec,0.6359092593193054
2020,Jan,-0.4468083679676056
2020,Feb,-0.20230650901794434
2020,Mar,3.1753151416778564
2020,Apr,3.0333943367004395
2020,May,1.7091403007507324
2020,Jun,0.9294937252998352
2020,Jul,-2.5543253421783447
2020,Aug,0.7334392666816711
2020,Sep,1.0590872764587402
2020,Oct,1.519400954246521
2020,Nov,2.966336488723755
2020,Dec,4.371824264526367
2021,Jan,5.746678829193115
2021,Feb,-2.6982061862945557
2021,Mar,0.606585681438446
2021,Apr,1.6121540069580078
2021,May,0.7178716659545898
2021,Jun,1.989025592803955
2021,Jul,1.3015340566635132
2021,Aug,-1.373151183128357
2021,Sep,0.4471133053302765
2021,Oct,3.2947535514831543
2021,Nov,1.7456368207931519
2021,Dec,1.7822134494781494
2022,Jan,1.8055368661880493
2022,Feb,0.13877351582050323
2022,Mar,3.41813588142395
2022,Apr,0.708851158618927
2022,May,1.3076958656311035
2022,Jun,-0.036228444427251816
2022,Jul,0.3664478659629822
2022,Aug,0.40613749623298645
2022,Sep,1.8550268411636353
2022,Oct,2.2005653381347656
2022,Nov,4.50522518157959
2022,Dec,3.319901943206787
2023,Jan,7.271511554718018
2023,Feb,0.5494295954704285
2023,Mar,4.255261421203613
2023,Apr,-2.087374687194824
2023,May,3.3022360801696777
2023,Jun,1.2553311586380005
2023,Jul,4.195715427398682
2023,Aug,2.219975709915161
2023,Sep,1.676816701889038
2023,Oct,2.8721864223480225
2023,Nov,7.060995578765869
2023,Dec,5.221282482147217
2024,Jan,1.225464105606079
2024,Feb,5.578906059265137
2024,Mar,2.5437564849853516
2024,Apr,4.0586838722229
2024,May,0.00796667393296957
2024,Jun,1.6482911109924316
2024,Jul,-0.08264026790857315
2024,Aug,0.9421014189720154
2024,Sep,1.937577247619629
2024,Oct,2.677072286605835
2024,Nov,2.6778171062469482
2024,Dec,5.965258598327637
