year,month,prcp
1895,Jan,108.28900146484375
1895,Feb,37.625
1895,Mar,45.220001220703125
1895,Apr,20.304000854492188
1895,May,13.218000411987305
1895,Jun,0
1895,Jul,1.1720000505447388
1895,Aug,0
1895,Sep,18.552000045776367
1895,Oct,7.142000198364258
1895,Nov,28.527000427246094
1895,Dec,8.47700023651123
1896,Jan,92.003997802734375
1896,Feb,2.2090001106262207
1896,Mar,56.00299835205078
1896,Apr,63.80799865722656
1896,May,15.00100040435791
1896,Jun,0
1896,Jul,8.177000045776367
1896,Aug,7.453000068664551
1896,Sep,6.328000068664551
1896,Oct,30.80699920654297
1896,Nov,34.20100021362305
1896,Dec,27.58300018310547
1897,Jan,75.9010009765625
1897,Feb,92.50800323486328
1897,Mar,66.31999969482422
1897,Apr,3.9200000762939453
1897,May,3.2139999866485596
1897,Jun,1.468000054359436
1897,Jul,0
1897,Aug,0
1897,Sep,2.3329999446868896
1897,Oct,41.89500045776367
1897,Nov,0
1897,Dec,4.841000080108643
1898,Jan,26.597999572753906
1898,Feb,18.066999435424805
1898,Mar,11.380999565124512
1898,Apr,3.7060000896453857
1898,May,31.718000411987305
1898,Jun,0.007000000216066837
1898,Jul,0
1898,Aug,0
1898,Sep,16.486000061035156
1898,Oct,8.2089996337890625
1898,Nov,0
1898,Dec,23.68199920654297
1899,Jan,62.48400115966797
1899,Feb,9.008000373840332
1899,Mar,91.875
1899,Apr,10.520000457763672
1899,May,12.133999824523926
1899,Jun,10.76200008392334
1899,Jul,0
1899,Aug,0
1899,Sep,0
1899,Oct,49.83100128173828
1899,Nov,30.81399917602539
1899,Dec,20.868000030517578
1900,Jan,34.14099884033203
1900,Feb,4.123000144958496
1900,Mar,29.763999938964844
1900,Apr,29.44499969482422
1900,May,44.86199951171875
1900,Jun,0
1900,Jul,0
1900,Aug,0
1900,Sep,2.055999994277954
1900,Oct,13.324999809265137
1900,Nov,117.86299896240234
1900,Dec,0.25600001215934753
1901,Jan,67.77799987792969
1901,Feb,115.99400329589844
1901,Mar,10.980999946594238
1901,Apr,28.763999938964844
1901,May,32.944000244140625
1901,Jun,0
1901,Jul,0
1901,Aug,0.03700000047683716
1901,Sep,7.164999961853027
1901,Oct,31.5049991607666
1901,Nov,11.817999839782715
1901,Dec,0.07199999690055847
1902,Jan,23.988000869750977
1902,Feb,92.49199676513672
1902,Mar,64.75
1902,Apr,20.344999313354492
1902,May,7.506999969482422
1902,Jun,0
1902,Jul,0
1902,Aug,0
1902,Sep,0
1902,Oct,13.789999961853027
1902,Nov,37.16899871826172
1902,Dec,27.518999099731445
1903,Jan,33.97999954223633
1903,Feb,35.94499969482422
1903,Mar,109.41600036621094
1903,Apr,49.04899978637695
1903,May,0
1903,Jun,0
1903,Jul,0
1903,Aug,0
1903,Sep,2.4200000762939453
1903,Oct,0.35600000619888306
1903,Nov,3.489000082015991
1903,Dec,2.006999969482422
1904,Jan,14.83899974822998
1904,Feb,75.022003173828125
1904,Mar,91.8740005493164
1904,Apr,33.060001373291016
1904,May,4.311999797821045
1904,Jun,0
1904,Jul,0
1904,Aug,5.050000190734863
1904,Sep,52.249000549316406
1904,Oct,16.854000091552734
1904,Nov,0
1904,Dec,31.461999893188477
1905,Jan,47.90700149536133
1905,Feb,127.2770004272461
1905,Mar,124.63099670410156
1905,Apr,11.887999534606934
1905,May,51.327999114990234
1905,Jun,0
1905,Jul,0
1905,Aug,0
1905,Sep,0.8109999895095825
1905,Oct,0.546999990940094
1905,Nov,38.43000030517578
1905,Dec,11.20300006866455
1906,Jan,52.40700149536133
1906,Feb,65.05899810791016
1906,Mar,172.8780059814453
1906,Apr,27.545000076293945
1906,May,61.486000061035156
1906,Jun,0
1906,Jul,0
1906,Aug,0
1906,Sep,0
1906,Oct,0
1906,Nov,21.784000396728516
1906,Dec,94.46600341796875
1907,Jan,137.4290008544922
1907,Feb,39.76300048828125
1907,Mar,113.13200378417969
1907,Apr,4.5289998054504395
1907,May,0.7820000052452087
1907,Jun,1.371999979019165
1907,Jul,0
1907,Aug,0
1907,Sep,0
1907,Oct,62.99700164794922
1907,Nov,0
1907,Dec,26.69300079345703
1908,Jan,76.56600189208984
1908,Feb,96.3759994506836
1908,Mar,6.968999862670898
1908,Apr,11.32800006866455
1908,May,14.583000183105469
1908,Jun,0
1908,Jul,0
1908,Aug,0.08799999952316284
1908,Sep,33.17599868774414
1908,Oct,8.800999641418457
1908,Nov,22.503000259399414
1908,Dec,21.594999313354492
1909,Jan,122.48200225830078
1909,Feb,121.5260009765625
1909,Mar,89.80899810791016
1909,Apr,0.08900000154972076
1909,May,0
1909,Jun,1.3450000286102295
1909,Jul,0
1909,Aug,3.374000072479248
1909,Sep,0
1909,Oct,12.362000465393066
1909,Nov,36.0880012512207
1909,Dec,107.04299926757813
1910,Jan,53.42399978637695
1910,Feb,10.42300033569336
1910,Mar,58.77799987792969
1910,Apr,9.708000183105469
1910,May,0
1910,Jun,0
1910,Jul,1.9359999895095825
1910,Aug,0
1910,Sep,22.993999481201172
1910,Oct,17.70599937438965
1910,Nov,5.679999828338623
1910,Dec,12.442999839782715
1911,Jan,106.22000122070313
1911,Feb,74.20800018310547
1911,Mar,131.6060028076172
1911,Apr,17.43000030517578
1911,May,1.4390000104904175
1911,Jun,0.5649999976158142
1911,Jul,0
1911,Aug,0
1911,Sep,8.687999725341797
1911,Oct,1.9570000171661377
1911,Nov,1.8830000162124634
1911,Dec,17.95800018310547
1912,Jan,13.574000358581543
1912,Feb,0
1912,Mar,141.6820068359375
1912,Apr,37.814998626708984
1912,May,18.996999740600586
1912,Jun,0
1912,Jul,0
1912,Aug,0
1912,Sep,0
1912,Oct,6.013999938964844
1912,Nov,8.902000427246094
1912,Dec,3.8440001010894775
1913,Jan,39.112998962402344
1913,Feb,103.0770034790039
1913,Mar,15.793000221252441
1913,Apr,14.659000396728516
1913,May,12.814000129699707
1913,Jun,8.043999671936035
1913,Jul,16.386999130249023
1913,Aug,3.8889999389648438
1913,Sep,0
1913,Oct,0
1913,Nov,44.47100067138672
1913,Dec,43.77799987792969
1914,Jan,151.46499633789063
1914,Feb,90.03900146484375
1914,Mar,14.053999900817871
1914,Apr,12.423999786376953
1914,May,10.11400032043457
1914,Jun,0.7070000171661377
1914,Jul,0
1914,Aug,0
1914,Sep,0.5889999866485596
1914,Oct,7.929999828338623
1914,Nov,1.3170000314712524
1914,Dec,71.10099792480469
1915,Jan,86.7030029296875
1915,Feb,136.02000427246094
1915,Mar,22.29400062561035
1915,Apr,38.763999938964844
1915,May,50.8849983215332
1915,Jun,0
1915,Jul,0
1915,Aug,0
1915,Sep,0.041999999433755875
1915,Oct,0
1915,Nov,9.975000381469727
1915,Dec,51.981998443603516
1916,Jan,129.69500732421875
1916,Feb,22.010000228881836
1916,Mar,51.375
1916,Apr,10.246999740600586
1916,May,4.443999767303467
1916,Jun,0
1916,Jul,0
1916,Aug,4.8979997634887695
1916,Sep,14.61400032043457
1916,Oct,50.96799850463867
1916,Nov,4.130000114440918
1916,Dec,83.85399627685547
1917,Jan,59.06399917602539
1917,Feb,26.297000885009766
1917,Mar,8.965999603271484
1917,Apr,16.950000762939453
1917,May,22.24799919128418
1917,Jun,0
1917,Jul,6.468999862670898
1917,Aug,0.6990000009536743
1917,Sep,0
1917,Oct,1.3029999732971191
1917,Nov,13.425999641418457
1917,Dec,1.725000023841858
1918,Jan,23.152999877929688
1918,Feb,157.89199829101563
1918,Mar,114.48200225830078
1918,Apr,0
1918,May,0.3109999895095825
1918,Jun,0
1918,Jul,4.2820000648498535
1918,Aug,0
1918,Sep,27.09000015258789
1918,Oct,9.211000442504883
1918,Nov,48.520999908447266
1918,Dec,44.97600173950195
1919,Jan,8.21399974822998
1919,Feb,73.69300079345703
1919,Mar,67.805999755859375
1919,Apr,8.210000038146973
1919,May,32.59400177001953
1919,Jun,0
1919,Jul,0
1919,Aug,0
1919,Sep,12.75
1919,Oct,9.482000350952148
1919,Nov,18.11400032043457
1919,Dec,27.054000854492188
1920,Jan,11.845999717712402
1920,Feb,53.87900161743164
1920,Mar,106.11900329589844
1920,Apr,11.050999641418457
1920,May,0
1920,Jun,0
1920,Jul,0
1920,Aug,1.3899999856948853
1920,Sep,0
1920,Oct,11.1850004196167
1920,Nov,16.899999618530273
1920,Dec,25.9950008392334
1921,Jan,69.022003173828125
1921,Feb,28.04800033569336
1921,Mar,25.864999771118164
1921,Apr,12.6850004196167
1921,May,71.18000030517578
1921,Jun,1.4240000247955322
1921,Jul,0
1921,Aug,0
1921,Sep,6.441999912261963
1921,Oct,11.626999855041504
1921,Nov,8.859999656677246
1921,Dec,135.43099975585938
1922,Jan,89.97899627685547
1922,Feb,58.0620002746582
1922,Mar,61.51100158691406
1922,Apr,5.440000057220459
1922,May,32.553001403808594
1922,Jun,0
1922,Jul,1.4600000381469727
1922,Aug,0
1922,Sep,0
1922,Oct,11.37600040435791
1922,Nov,23.80699920654297
1922,Dec,48.481998443603516
1923,Jan,30.132999420166016
1923,Feb,17.73200035095215
1923,Mar,3.865000009536743
1923,Apr,48.4900016784668
1923,May,0
1923,Jun,0.003000000026077032
1923,Jul,0
1923,Aug,0.10100000351667404
1923,Sep,8.812000274658203
1923,Oct,13.170000076293945
1923,Nov,17.312000274658203
1923,Dec,13.543999671936035
1924,Jan,6.827000141143799
1924,Feb,10.763999938964844
1924,Mar,59.87099838256836
1924,Apr,34.250999450683594
1924,May,0
1924,Jun,0
1924,Jul,0
1924,Aug,0
1924,Sep,0
1924,Oct,15.437999725341797
1924,Nov,12.204999923706055
1924,Dec,31.038000106811523
1925,Jan,18.2549991607666
1925,Feb,21.673999786376953
1925,Mar,51.02399826049805
1925,Apr,37.222999572753906
1925,May,18.52400016784668
1925,Jun,6.9670000076293945
1925,Jul,4.684000015258789
1925,Aug,4.146999835968018
1925,Sep,0
1925,Oct,19.73900032043457
1925,Nov,16.809999465942383
1925,Dec,28.07699966430664
1926,Jan,29.650999069213867
1926,Feb,66.76399993896484
1926,Mar,14.758999824523926
1926,Apr,113.77999877929688
1926,May,5.959000110626221
1926,Jun,0
1926,Jul,0
1926,Aug,0
1926,Sep,0
1926,Oct,5.192999839782715
1926,Nov,64.9489974975586
1926,Dec,43.21500015258789
1927,Jan,26.388999938964844
1927,Feb,112.1989974975586
1927,Mar,53.861000061035156
1927,Apr,12.87600040435791
1927,May,4.343999862670898
1927,Jun,6.388999938964844
1927,Jul,0
1927,Aug,0
1927,Sep,0
1927,Oct,37.19300079345703
1927,Nov,14.904000282287598
1927,Dec,26.219999313354492
1928,Jan,10.887999534606934
1928,Feb,54.125999450683594
1928,Mar,19.167999267578125
1928,Apr,15.644000053405762
1928,May,19.163000106811523
1928,Jun,0
1928,Jul,0
1928,Aug,0
1928,Sep,0
1928,Oct,2.5429999828338623
1928,Nov,33.66600036621094
1928,Dec,36.06999969482422
1929,Jan,27.179000854492188
1929,Feb,19.945999145507813
1929,Mar,40.867000579833984
1929,Apr,22.889999389648438
1929,May,0
1929,Jun,0.9629999995231628
1929,Jul,0
1929,Aug,0
1929,Sep,0.07400000095367432
1929,Oct,0
1929,Nov,0
1929,Dec,0.7120000123977661
1930,Jan,55.4119987487793
1930,Feb,12.590999603271484
1930,Mar,52.99700164794922
1930,Apr,8.300000190734863
1930,May,27.805999755859375
1930,Jun,0
1930,Jul,0
1930,Aug,0
1930,Sep,3.0450000762939453
1930,Oct,3.4089999198913574
1930,Nov,30.42099952697754
1930,Dec,0
1931,Jan,61.88399887084961
1931,Feb,53.11899948120117
1931,Mar,5.828000068664551
1931,Apr,29.320999145507813
1931,May,12.043999671936035
1931,Jun,7.776000022888184
1931,Jul,0
1931,Aug,8.62600040435791
1931,Sep,0
1931,Oct,3.2260000705718994
1931,Nov,46.2140007019043
1931,Dec,106.01899719238281
1932,Jan,36.91999816894531
1932,Feb,112.22599792480469
1932,Mar,2.7149999141693115
1932,Apr,16.858999252319336
1932,May,5.243000030517578
1932,Jun,0.0020000000949949026
1932,Jul,0
1932,Aug,0
1932,Sep,8.130999565124512
1932,Oct,4.552999973297119
1932,Nov,1.7619999647140503
1932,Dec,29.29199981689453
1933,Jan,121.8219985961914
1933,Feb,1.0369999408721924
1933,Mar,3.063999891281128
1933,Apr,12.194999694824219
1933,May,14.256999969482422
1933,Jun,17.964000701904297
1933,Jul,0
1933,Aug,0
1933,Sep,0
1933,Oct,8.89900016784668
1933,Nov,2.930000066757202
1933,Dec,30.792999267578125
1934,Jan,19.117000579833984
1934,Feb,39.10200119018555
1934,Mar,5.573999881744385
1934,Apr,0
1934,May,3.9830000400543213
1934,Jun,5.9120001792907715
1934,Jul,0
1934,Aug,0
1934,Sep,0
1934,Oct,45.165000915527344
1934,Nov,42.76300048828125
1934,Dec,48.577999114990234
1935,Jan,73.08699798583984
1935,Feb,37.0359992980957
1935,Mar,54.03200149536133
1935,Apr,29.319000244140625
1935,May,4.629000186920166
1935,Jun,0
1935,Jul,0
1935,Aug,13.973999977111816
1935,Sep,0.006000000052154064
1935,Oct,11.859999656677246
1935,Nov,8.375
1935,Dec,19.72100067138672
1936,Jan,9.625
1936,Feb,112.38899993896484
1936,Mar,29.56999969482422
1936,Apr,13.298999786376953
1936,May,8.300000190734863
1936,Jun,6.322000026702881
1936,Jul,0
1936,Aug,4.442999839782715
1936,Sep,0
1936,Oct,54.207000732421875
1936,Nov,1.7790000438690186
1936,Dec,102.49299621582031
1937,Jan,48.090999603271484
1937,Feb,68.78700256347656
1937,Mar,84.54399871826172
1937,Apr,9.663999557495117
1937,May,3.385999917984009
1937,Jun,0
1937,Jul,0
1937,Aug,0
1937,Sep,0
1937,Oct,4.317999839782715
1937,Nov,0
1937,Dec,42.46099853515625
1938,Jan,47.02199935913086
1938,Feb,96.30799865722656
1938,Mar,161.80499267578125
1938,Apr,30.78700065612793
1938,May,1.774999976158142
1938,Jun,0
1938,Jul,0
1938,Aug,0.01600000075995922
1938,Sep,2.194000005722046
1938,Oct,3.5390000343322754
1938,Nov,2.0439999103546143
1938,Dec,85.43800354003906
1939,Jan,57.77399826049805
1939,Feb,26.621000289916992
1939,Mar,47.78499984741211
1939,Apr,16.4060001373291
1939,May,8.229000091552734
1939,Jun,0
1939,Jul,0
1939,Aug,0
1939,Sep,51.04800033569336
1939,Oct,7.7179999351501465
1939,Nov,3.73799991607666
1939,Dec,14.491999626159668
1940,Jan,51.340999603271484
1940,Feb,72.23500061035156
1940,Mar,15.003000259399414
1940,Apr,43.82899856567383
1940,May,0
1940,Jun,0
1940,Jul,0
1940,Aug,0
1940,Sep,0
1940,Oct,32.814998626708984
1940,Nov,8.515999794006348
1940,Dec,86.4209976196289
1941,Jan,64.33799743652344
1941,Feb,135.7480010986328
1941,Mar,152.66000366210938
1941,Apr,88.964996337890625
1941,May,16.163000106811523
1941,Jun,0
1941,Jul,0
1941,Aug,0.09799999743700027
1941,Sep,0
1941,Oct,34.01599884033203
1941,Nov,6.7230000495910645
1941,Dec,103.8030014038086
1942,Jan,15.526000022888184
1942,Feb,7.007999897003174
1942,Mar,16.545000076293945
1942,Apr,77.266998291015625
1942,May,2.9609999656677246
1942,Jun,0
1942,Jul,0
1942,Aug,3.3459999561309814
1942,Sep,0
1942,Oct,17.0049991607666
1942,Nov,9.128000259399414
1942,Dec,21.420000076293945
1943,Jan,154.71800231933594
1943,Feb,60.4010009765625
1943,Mar,64.61499786376953
1943,Apr,43.729000091552734
1943,May,2.2829999923706055
1943,Jun,0
1943,Jul,0
1943,Aug,0
1943,Sep,0
1943,Oct,9.975000381469727
1943,Nov,3.8529999256134033
1943,Dec,78.48600006103516
1944,Jan,18.839000701904297
1944,Feb,164.31500244140625
1944,Mar,39.946998596191406
1944,Apr,20.89900016784668
1944,May,3.5959999561309814
1944,Jun,0
1944,Jul,0
1944,Aug,0
1944,Sep,0
1944,Oct,0.00800000037997961
1944,Nov,80.28199768066406
1944,Dec,14.812000274658203
1945,Jan,2.8910000324249268
1945,Feb,65.6520004272461
1945,Mar,68.81800079345703
1945,Apr,5.8480000495910645
1945,May,7.646999835968018
1945,Jun,0.057999998331069946
1945,Jul,0
1945,Aug,0
1945,Sep,15.506999969482422
1945,Oct,30.111000061035156
1945,Nov,7.570000171661377
1945,Dec,61.2599983215332
1946,Jan,10.942000389099121
1946,Feb,29.882999420166016
1946,Mar,75.89800262451172
1946,Apr,23.50200080871582
1946,May,5.132999897003174
1946,Jun,0
1946,Jul,0.7910000085830688
1946,Aug,0
1946,Sep,0
1946,Oct,12.154000282287598
1946,Nov,95.48100280761719
1946,Dec,48.064998626708984
1947,Jan,9.357999801635742
1947,Feb,9.3339996337890625
1947,Mar,30.506000518798828
1947,Apr,14.189000129699707
1947,May,2.497999906539917
1947,Jun,0
1947,Jul,0
1947,Aug,0.0020000000949949026
1947,Sep,0.019999999552965164
1947,Oct,4.367000102996826
1947,Nov,1.1549999713897705
1947,Dec,19.82200050354004
1948,Jan,0
1948,Feb,27.027999877929688
1948,Mar,53.125
1948,Apr,30.540000915527344
1948,May,5.914000034332275
1948,Jun,3.868000030517578
1948,Jul,0
1948,Aug,0
1948,Sep,0
1948,Oct,2.0920000076293945
1948,Nov,1.3890000581741333
1948,Dec,39.637001037597656
1949,Jan,22.822999954223633
1949,Feb,28.617000579833984
1949,Mar,43.14500045776367
1949,Apr,4.642000198364258
1949,May,21.57200050354004
1949,Jun,0.6899999976158142
1949,Jul,0
1949,Aug,0
1949,Sep,0
1949,Oct,0.7609999775886536
1949,Nov,13.456000328063965
1949,Dec,35.32600021362305
1950,Jan,38.34700012207031
1950,Feb,32.41400146484375
1950,Mar,24.187000274658203
1950,Apr,13.430999755859375
1950,May,5.901000022888184
1950,Jun,0
1950,Jul,0
1950,Aug,0
1950,Sep,9.517999649047852
1950,Oct,12.300000190734863
1950,Nov,9.4160003662109375
1950,Dec,8.951000213623047
1951,Jan,55.8129997253418
1951,Feb,21.457000732421875
1951,Mar,9.494000434875488
1951,Apr,30.586999893188477
1951,May,3.686000108718872
1951,Jun,0
1951,Jul,0
1951,Aug,0
1951,Sep,0
1951,Oct,16.687000274658203
1951,Nov,13.458000183105469
1951,Dec,62.301998138427734
1952,Jan,146.3040008544922
1952,Feb,10.616999626159668
1952,Mar,127.9800033569336
1952,Apr,29.65399932861328
1952,May,0
1952,Jun,0
1952,Jul,0
1952,Aug,0
1952,Sep,0.49900001287460327
1952,Oct,0
1952,Nov,55.224998474121094
1952,Dec,81.9530029296875
1953,Jan,17.972999572753906
1953,Feb,5.380000114440918
1953,Mar,12.281000137329102
1953,Apr,28.73900032043457
1953,May,6.060999870300293
1953,Jun,0
1953,Jul,0
1953,Aug,0
1953,Sep,0
1953,Oct,0
1953,Nov,40.28900146484375
1953,Dec,1.906000018119812
1954,Jan,80.6709976196289
1954,Feb,39.11199951171875
1954,Mar,52.43000030517578
1954,Apr,3.555999994277954
1954,May,0
1954,Jun,0
1954,Jul,0
1954,Aug,0
1954,Sep,0
1954,Oct,0
1954,Nov,19.975000381469727
1954,Dec,24.113000869750977
1955,Jan,94.55799865722656
1955,Feb,24.93000030517578
1955,Mar,3.9130001068115234
1955,Apr,18.74799919128418
1955,May,53.5989990234375
1955,Jun,0
1955,Jul,0
1955,Aug,0
1955,Sep,0
1955,Oct,0
1955,Nov,19.615999221801758
1955,Dec,47.39099884033203
1956,Jan,46.095001220703125
1956,Feb,15.817000389099121
1956,Mar,0.2630000114440918
1956,Apr,51.54600143432617
1956,May,27.62299919128418
1956,Jun,0
1956,Jul,0
1956,Aug,0
1956,Sep,0
1956,Oct,17.867000579833984
1956,Nov,0
1956,Dec,4.480999946594238
1957,Jan,74.1709976196289
1957,Feb,41.10900115966797
1957,Mar,44.36899948120117
1957,Apr,25.229999542236328
1957,May,27.976999282836914
1957,Jun,6.755000114440918
1957,Jul,0
1957,Aug,0
1957,Sep,0.0010000000474974513
1957,Oct,28.753000259399414
1957,Nov,13.628000259399414
1957,Dec,60.915000915527344
1958,Jan,26.142000198364258
1958,Feb,122.03900146484375
1958,Mar,111.88400268554688
1958,Apr,98.25700378417969
1958,May,17.757999420166016
1958,Jun,0
1958,Jul,0
1958,Aug,0.19599999487400055
1958,Sep,57.54399871826172
1958,Oct,6.513999938964844
1958,Nov,12.517000198364258
1958,Dec,0.3659999966621399
1959,Jan,39.36899948120117
1959,Feb,62.70899963378906
1959,Mar,0.36800000071525574
1959,Apr,11.052000045776367
1959,May,1.7130000591278076
1959,Jun,0
1959,Jul,0
1959,Aug,0
1959,Sep,3.5220000743865967
1959,Oct,0
1959,Nov,0
1959,Dec,22.972000122070313
1960,Jan,49.244998931884766
1960,Feb,34.409000396728516
1960,Mar,16.68899917602539
1960,Apr,26.719999313354492
1960,May,0.003000000026077032
1960,Jun,0
1960,Jul,0
1960,Aug,0
1960,Sep,0
1960,Oct,1.2489999532699585
1960,Nov,88.69000244140625
1960,Dec,2.888000011444092
1961,Jan,16.731000900268555
1961,Feb,7.7779998779296875
1961,Mar,24.834999084472656
1961,Apr,4.275000095367432
1961,May,3.5239999294281006
1961,Jun,0
1961,Jul,0
1961,Aug,9.314000129699707
1961,Sep,0
1961,Oct,0.2879999876022339
1961,Nov,47.49300003051758
1961,Dec,24.37700080871582
1962,Jan,35.9640007019043
1962,Feb,261.0150146484375
1962,Mar,31.905000686645508
1962,Apr,0.6669999957084656
1962,May,7.673999786376953
1962,Jun,0
1962,Jul,0
1962,Aug,0
1962,Sep,0
1962,Oct,7.563000202178955
1962,Nov,0
1962,Dec,0
1963,Jan,1.2699999809265137
1963,Feb,65.871002197265625
1963,Mar,41.98899841308594
1963,Apr,46.20199966430664
1963,May,12
1963,Jun,8.284000396728516
1963,Jul,0
1963,Aug,0
1963,Sep,39.10900115966797
1963,Oct,34.025001525878906
1963,Nov,56.11800003051758
1963,Dec,1.6330000162124634
1964,Jan,24.73200035095215
1964,Feb,2.736999988555908
1964,Mar,25.638999938964844
1964,Apr,25.368999481201172
1964,May,13.57800006866455
1964,Jun,1.6469999551773071
1964,Jul,0
1964,Aug,1.9630000591278076
1964,Sep,1.7109999656677246
1964,Oct,23.333999633789063
1964,Nov,32.67399978637695
1964,Dec,24.934999465942383
1965,Jan,25.209999084472656
1965,Feb,13.406999588012695
1965,Mar,19.405000686645508
1965,Apr,94.88200378417969
1965,May,0.035999998450279236
1965,Jun,0
1965,Jul,6.360000133514404
1965,Aug,7.139999866485596
1965,Sep,10.937000274658203
1965,Oct,0
1965,Nov,120.18000030517578
1965,Dec,69.121002197265625
1966,Jan,34.24300003051758
1966,Feb,36.097999572753906
1966,Mar,2.9809999465942383
1966,Apr,0
1966,May,0
1966,Jun,0
1966,Jul,0
1966,Aug,0
1966,Sep,6.508999824523926
1966,Oct,0.052000001072883606
1966,Nov,65.802001953125
1966,Dec,50.17900085449219
1967,Jan,40.26300048828125
1967,Feb,5.829999923706055
1967,Mar,24.44300079345703
1967,Apr,98.259002685546875
1967,May,3.634999990463257
1967,Jun,1.3839999437332153
1967,Jul,0
1967,Aug,0.04699999839067459
1967,Sep,8.152000427246094
1967,Oct,0
1967,Nov,91.58899688720703
1967,Dec,17.827999114990234
1968,Jan,9.383999824523926
1968,Feb,21.201000213623047
1968,Mar,30.424999237060547
1968,Apr,17.656999588012695
1968,May,2.615999937057495
1968,Jun,0
1968,Jul,0
1968,Aug,0
1968,Sep,0
1968,Oct,30.47599983215332
1968,Nov,14.83899974822998
1968,Dec,25.486000061035156
1969,Jan,128.32000732421875
1969,Feb,156.3179931640625
1969,Mar,31.13800048828125
1969,Apr,41.792999267578125
1969,May,4.755000114440918
1969,Jun,0.009999999776482582
1969,Jul,6.74399995803833
1969,Aug,0
1969,Sep,0
1969,Oct,0.7419999837875366
1969,Nov,19.878999710083008
1969,Dec,13.036999702453613
1970,Jan,25.434999465942383
1970,Feb,52.44900131225586
1970,Mar,70.1520004272461
1970,Apr,7.494999885559082
1970,May,0
1970,Jun,0
1970,Jul,0
1970,Aug,0
1970,Sep,0
1970,Oct,0
1970,Nov,103.91400146484375
1970,Dec,54.59299850463867
1971,Jan,13.555000305175781
1971,Feb,22.570999145507813
1971,Mar,9.491000175476074
1971,Apr,23.070999145507813
1971,May,18.858999252319336
1971,Jun,0
1971,Jul,0
1971,Aug,0
1971,Sep,2.2929999828338623
1971,Oct,4.116000175476074
1971,Nov,10.079999923706055
1971,Dec,119.55000305175781
1972,Jan,0
1972,Feb,2.440000057220459
1972,Mar,0
1972,Apr,2.496999979019165
1972,May,0
1972,Jun,3.9119999408721924
1972,Jul,0
1972,Aug,0
1972,Sep,0.8140000104904175
1972,Oct,7.025000095367432
1972,Nov,66.91400146484375
1972,Dec,22.260000228881836
1973,Jan,67.522003173828125
1973,Feb,119.41400146484375
1973,Mar,79.430999755859375
1973,Apr,1.156999945640564
1973,May,3.5450000762939453
1973,Jun,0
1973,Jul,0
1973,Aug,0
1973,Sep,0
1973,Oct,4.840000152587891
1973,Nov,30.92099952697754
1973,Dec,23.26099967956543
1974,Jan,95.052001953125
1974,Feb,3.38700008392334
1974,Mar,53.14400100708008
1974,Apr,14.305000305175781
1974,May,0.007000000216066837
1974,Jun,0
1974,Jul,5.021999835968018
1974,Aug,0.7099999785423279
1974,Sep,0
1974,Oct,28.764999389648438
1974,Nov,9.611000061035156
1974,Dec,63.154998779296875
1975,Jan,1.7549999952316284
1975,Feb,33.13999938964844
1975,Mar,71.37699890136719
1975,Apr,43.51499938964844
1975,May,0
1975,Jun,0
1975,Jul,0
1975,Aug,1.5880000591278076
1975,Sep,1.1299999952316284
1975,Oct,9.704999923706055
1975,Nov,7.632999897003174
1975,Dec,8.104999542236328
1976,Jan,0.5590000152587891
1976,Feb,99.64900207519531
1976,Mar,13.006999969482422
1976,Apr,24.267000198364258
1976,May,5.75
1976,Jun,3.4739999771118164
1976,Jul,0
1976,Aug,0
1976,Sep,91.93399810791016
1976,Oct,13.442000389099121
1976,Nov,13.871000289916992
1976,Dec,2.0439999103546143
1977,Jan,66.26000213623047
1977,Feb,5.335999965667725
1977,Mar,52.33399963378906
1977,Apr,0.7829999923706055
1977,May,72.63300323486328
1977,Jun,3.203000068664551
1977,Jul,0
1977,Aug,23.535999298095703
1977,Sep,0
1977,Oct,0
1977,Nov,10.675999641418457
1977,Dec,87.10600280761719
1978,Jan,74.9209976196289
1978,Feb,188.14999389648438
1978,Mar,180.58999633789063
1978,Apr,63.07500076293945
1978,May,17.808000564575195
1978,Jun,0
1978,Jul,0
1978,Aug,0.9330000281333923
1978,Sep,37.7239990234375
1978,Oct,1.9739999771118164
1978,Nov,18.63800048828125
1978,Dec,38.10900115966797
1979,Jan,96.19599914550781
1979,Feb,88.59200286865234
1979,Mar,100.6709976196289
1979,Apr,0
1979,May,11.8149995803833
1979,Jun,0
1979,Jul,0
1979,Aug,0
1979,Sep,2.621000051498413
1979,Oct,12.288000106811523
1979,Nov,10.5
1979,Dec,32.130001068115234
1980,Jan,79.51499938964844
1980,Feb,128.00100708007813
1980,Mar,69.00199890136719
1980,Apr,31.472000122070313
1980,May,13.946000099182129
1980,Jun,0
1980,Jul,1.7740000486373901
1980,Aug,0
1980,Sep,0
1980,Oct,2.697999954223633
1980,Nov,0
1980,Dec,9.381999969482422
1981,Jan,49.3390007019043
1981,Feb,31.714000701904297
1981,Mar,106.50700378417969
1981,Apr,17.583999633789063
1981,May,13.376999855041504
1981,Jun,0
1981,Jul,0
1981,Aug,0
1981,Sep,1.753999948501587
1981,Oct,30.433000564575195
1981,Nov,32.57099914550781
1981,Dec,4.604000091552734
1982,Jan,49.617000579833984
1982,Feb,18.393999099731445
1982,Mar,106.76200103759766
1982,Apr,56.999000549316406
1982,May,0
1982,Jun,0.7730000019073486
1982,Jul,0
1982,Aug,13.36299991607666
1982,Sep,31.658000946044922
1982,Oct,16.33300018310547
1982,Nov,53.130001068115234
1982,Dec,42.22200012207031
1983,Jan,108.42900085449219
1983,Feb,76.78399658203125
1983,Mar,174.05499267578125
1983,Apr,38.672000885009766
1983,May,5.324999809265137
1983,Jun,0
1983,Jul,0
1983,Aug,34.404998779296875
1983,Sep,5.988999843597412
1983,Oct,68.930999755859375
1983,Nov,49.27399826049805
1983,Dec,52.297000885009766
1984,Jan,6.938000202178955
1984,Feb,6.697999954223633
1984,Mar,9.012999534606934
1984,Apr,23.584999084472656
1984,May,0
1984,Jun,1.5839999914169312
1984,Jul,10.553000450134277
1984,Aug,3.375
1984,Sep,11.359999656677246
1984,Oct,2.2309999465942383
1984,Nov,50.641998291015625
1984,Dec,79.18499755859375
1985,Jan,30.64699935913086
1985,Feb,14.482000350952148
1985,Mar,24.993999481201172
1985,Apr,4.329999923706055
1985,May,0
1985,Jun,0.26499998569488525
1985,Jul,0.11599999666213989
1985,Aug,0
1985,Sep,12.71399974822998
1985,Oct,5.681000232696533
1985,Nov,51.00299835205078
1985,Dec,20.874000549316406
1986,Jan,44.702999114990234
1986,Feb,77.33599853515625
1986,Mar,79.31700134277344
1986,Apr,30.489999771118164
1986,May,5.406000137329102
1986,Jun,0
1986,Jul,0.08100000023841858
1986,Aug,0
1986,Sep,9.958000183105469
1986,Oct,0.8479999899864197
1986,Nov,25.569000244140625
1986,Dec,18.768999099731445
1987,Jan,35.80099868774414
1987,Feb,23.457000732421875
1987,Mar,52.13399887084961
1987,Apr,5.815999984741211
1987,May,26.61199951171875
1987,Jun,6.939000129699707
1987,Jul,2.818000078201294
1987,Aug,0
1987,Sep,2.750999927520752
1987,Oct,21.292999267578125
1987,Nov,84.71700286865234
1987,Dec,49.15700149536133
1988,Jan,48.724998474121094
1988,Feb,49.23099899291992
1988,Mar,46.98500061035156
1988,Apr,52.417999267578125
1988,May,3.239000082015991
1988,Jun,0
1988,Jul,1.7209999561309814
1988,Aug,0
1988,Sep,0.609000027179718
1988,Oct,0.20499999821186066
1988,Nov,11.996000289916992
1988,Dec,36.23899841308594
1989,Jan,15.559000015258789
1989,Feb,37.31800079345703
1989,Mar,7.5269999504089355
1989,Apr,7.935999870300293
1989,May,14.666999816894531
1989,Jun,0
1989,Jul,0
1989,Aug,0
1989,Sep,12.717000007629395
1989,Oct,6.203000068664551
1989,Nov,0.22699999809265137
1989,Dec,0
1990,Jan,32.09700012207031
1990,Feb,25.492000579833984
1990,Mar,3.381999969482422
1990,Apr,5.61299991607666
1990,May,12.312000274658203
1990,Jun,0
1990,Jul,0
1990,Aug,0.45500001311302185
1990,Sep,10.71399974822998
1990,Oct,0.9980000257492065
1990,Nov,9.333000183105469
1990,Dec,2.8559999465942383
1991,Jan,21.19300079345703
1991,Feb,6.468999862670898
1991,Mar,236.17100524902344
1991,Apr,0.02500000037252903
1991,May,2.303999900817871
1991,Jun,0.6470000147819519
1991,Jul,0
1991,Aug,0
1991,Sep,2.36899995803833
1991,Oct,8.906000137329102
1991,Nov,1.718000054359436
1991,Dec,51.24300003051758
1992,Jan,36.893001556396484
1992,Feb,181.68800354003906
1992,Mar,114.30799865722656
1992,Apr,9.126999855041504
1992,May,16.450000762939453
1992,Jun,0
1992,Jul,20.135000228881836
1992,Aug,0
1992,Sep,0
1992,Oct,22.639999389648438
1992,Nov,1.2960000038146973
1992,Dec,72.66200256347656
1993,Jan,148.45700073242188
1993,Feb,168.25399780273438
1993,Mar,88.352996826171875
1993,Apr,0.05000000074505806
1993,May,0.675000011920929
1993,Jun,20.92300033569336
1993,Jul,0
1993,Aug,0
1993,Sep,0
1993,Oct,3.313999891281128
1993,Nov,14.343999862670898
1993,Dec,28.81999969482422
1994,Jan,19.461999893188477
1994,Feb,80.03700256347656
1994,Mar,34.47600173950195
1994,Apr,17.648000717163086
1994,May,22.881000518798828
1994,Jun,0
1994,Jul,0
1994,Aug,0.07500000298023224
1994,Sep,12.637999534606934
1994,Oct,21.77199935913086
1994,Nov,21.243999481201172
1994,Dec,24.225000381469727
1995,Jan,220.52200317382813
1995,Feb,22.025999069213867
1995,Mar,148.6479949951172
1995,Apr,18.94099998474121
1995,May,27.570999145507813
1995,Jun,7.410999774932861
1995,Jul,1.1080000400543213
1995,Aug,0
1995,Sep,0
1995,Oct,0
1995,Nov,2.7739999294281006
1995,Dec,32.17599868774414
1996,Jan,20.77199935913086
1996,Feb,105.36599731445313
1996,Mar,21.62700080871582
1996,Apr,6.0879998207092285
1996,May,0.9079999923706055
1996,Jun,0
1996,Jul,0.953000009059906
1996,Aug,0.3070000112056732
1996,Sep,0
1996,Oct,71.552001953125
1996,Nov,24.829999923706055
1996,Dec,57.6150016784668
1997,Jan,45.224998474121094
1997,Feb,18.67300033569336
1997,Mar,5.316999912261963
1997,Apr,0
1997,May,0
1997,Jun,0.06400000303983688
1997,Jul,8.211000442504883
1997,Aug,0
1997,Sep,5.589000225067139
1997,Oct,8.428999900817871
1997,Nov,29.459999084472656
1997,Dec,116.36299896240234
1998,Jan,51.28499984741211
1998,Feb,327.1510009765625
1998,Mar,85.02899932861328
1998,Apr,45.00699996948242
1998,May,64.19100189208984
1998,Jun,3.75
1998,Jul,0
1998,Aug,0
1998,Sep,19.388999938964844
1998,Oct,4.576000213623047
1998,Nov,29.798999786376953
1998,Dec,18.767000198364258
1999,Jan,61.09400177001953
1999,Feb,25.384000778198242
1999,Mar,43.95399856567383
1999,Apr,60.090999603271484
1999,May,3.558000087738037
1999,Jun,1.7890000343322754
1999,Jul,7.394000053405762
1999,Aug,0
1999,Sep,7.138999938964844
1999,Oct,0
1999,Nov,7.370999813079834
1999,Dec,2.878000020980835
2000,Jan,35.52899932861328
2000,Feb,110.31800079345703
2000,Mar,39
2000,Apr,50.957000732421875
2000,May,0.29499998688697815
2000,Jun,0.33899998664855957
2000,Jul,0
2000,Aug,0
2000,Sep,0
2000,Oct,20.291000366210938
2000,Nov,0
2000,Dec,0.8140000104904175
2001,Jan,84.36499786376953
2001,Feb,94.75599670410156
2001,Mar,115.49299621582031
2001,Apr,25.92300033569336
2001,May,0
2001,Jun,0
2001,Jul,11.326000213623047
2001,Aug,0
2001,Sep,0.6110000014305115
2001,Oct,2.88100004196167
2001,Nov,39.2599983215332
2001,Dec,29.95599937438965
2002,Jan,12.125
2002,Feb,1.3919999599456787
2002,Mar,13.532999992370605
2002,Apr,8.517000198364258
2002,May,1.5470000505447388
2002,Jun,0
2002,Jul,0
2002,Aug,0
2002,Sep,5.809999942779541
2002,Oct,3.558000087738037
2002,Nov,27.625
2002,Dec,57.74599838256836
2003,Jan,1.4809999465942383
2003,Feb,114.86699676513672
2003,Mar,61.49100112915039
2003,Apr,47.81100082397461
2003,May,56.30500030517578
2003,Jun,0
2003,Jul,2.4820001125335693
2003,Aug,4.9730000495910645
2003,Sep,0
2003,Oct,0
2003,Nov,17.924999237060547
2003,Dec,36.20399856567383
2004,Jan,16.31599998474121
2004,Feb,100.38800048828125
2004,Mar,10.656000137329102
2004,Apr,1.6369999647140503
2004,May,0
2004,Jun,0.02800000086426735
2004,Jul,0
2004,Aug,0
2004,Sep,0.08399999886751175
2004,Oct,85.26899719238281
2004,Nov,2.816999912261963
2004,Dec,79.94599914550781
2005,Jan,139.6510009765625
2005,Feb,197.28199768066406
2005,Mar,30.513999938964844
2005,Apr,26.150999069213867
2005,May,25.334999084472656
2005,Jun,0
2005,Jul,0
2005,Aug,0
2005,Sep,9.288999557495117
2005,Oct,60.17599868774414
2005,Nov,7.114999771118164
2005,Dec,12.074000358581543
2006,Jan,92.03800201416016
2006,Feb,28.454999923706055
2006,Mar,86.32099914550781
2006,Apr,52.51300048828125
2006,May,18.510000228881836
2006,Jun,0
2006,Jul,6.544000148773193
2006,Aug,0
2006,Sep,0
2006,Oct,6.966000080108643
2006,Nov,7.070000171661377
2006,Dec,17.33099937438965
2007,Jan,11.277999877929688
2007,Feb,37.770999908447266
2007,Mar,9.88599967956543
2007,Apr,13.994000434875488
2007,May,0
2007,Jun,0
2007,Jul,0
2007,Aug,0
2007,Sep,9.369000434875488
2007,Oct,6.809000015258789
2007,Nov,3.513000011444092
2007,Dec,22.384000778198242
2008,Jan,126.4219970703125
2008,Feb,28.093000411987305
2008,Mar,1.3569999933242798
2008,Apr,1.3619999885559082
2008,May,15.218000411987305
2008,Jun,0
2008,Jul,0
2008,Aug,0
2008,Sep,0
2008,Oct,2.38700008392334
2008,Nov,59.85300064086914
2008,Dec,47.72200012207031
2009,Jan,26.833999633789063
2009,Feb,76.64299774169922
2009,Mar,14.789999961853027
2009,Apr,5.199999809265137
2009,May,4.545000076293945
2009,Jun,2.2049999237060547
2009,Jul,0
2009,Aug,2.2780001163482666
2009,Sep,0
2009,Oct,32.36800003051758
2009,Nov,3.2339999675750732
2009,Dec,33.59000015258789
2010,Jan,98.2229995727539
2010,Feb,53.654998779296875
2010,Mar,13.532999992370605
2010,Apr,44.749000549316406
2010,May,2.3389999866485596
2010,Jun,0
2010,Jul,0
2010,Aug,0
2010,Sep,0
2010,Oct,64.86699676513672
2010,Nov,16.09000015258789
2010,Dec,160.24600219726563
2011,Jan,24.423999786376953
2011,Feb,43.57699966430664
2011,Mar,87.08399963378906
2011,Apr,7.48199987411499
2011,May,33.125
2011,Jun,3.009000062942505
2011,Jul,3.9649999141693115
2011,Aug,0
2011,Sep,12.201000213623047
2011,Oct,11.27299976348877
2011,Nov,42.60499954223633
2011,Dec,0.07599999755620956
2012,Jan,19.70800018310547
2012,Feb,13.467000007629395
2012,Mar,65.53399658203125
2012,Apr,44.31999969482422
2012,May,0
2012,Jun,0
2012,Jul,0.5490000247955322
2012,Aug,1.093000054359436
2012,Sep,2.1519999504089355
2012,Oct,17.049999237060547
2012,Nov,3.497999906539917
2012,Dec,36.32550048828125
2013,Jan,47.28900146484375
2013,Feb,15.059000015258789
2013,Mar,25.66699981689453
2013,Apr,4.76200008392334
2013,May,7.386000156402588
2013,Jun,0
2013,Jul,9.420000076293945
2013,Aug,0
2013,Sep,0.9520000219345093
2013,Oct,1.6009999513626099
2013,Nov,11.911999702453613
2013,Dec,5.702000141143799
2014,Jan,1.5850000381469727
2014,Feb,39.97999954223633
2014,Mar,43.61899948120117
2014,Apr,11.017999649047852
2014,May,1.8370000123977661
2014,Jun,0
2014,Jul,0
2014,Aug,3.2880001068115234
2014,Sep,0
2014,Oct,0
2014,Nov,13.085000038146973
2014,Dec,66.6719970703125
